0,ENSMUST00000032402
1,ENSMUST00000080065
2,ENSMUST00000053740
3,ENSMUST00000002291
4,ENSMUST00000019859
5,ENSMUST00000019854
6,ENSMUST00000032409
7,ENSMUST00000053748
8,ENSMUST00000061895
9,ENSMUST00000007482
10,ENSMUST00000001836
11,ENSMUST00000098513
12,ENSMUST00000024823
13,ENSMUST00000070345
14,ENSMUST00000055990
15,ENSMUST00000038945
16,ENSMUST00000057843
17,ENSMUST00000059955
18,ENSMUST00000038128
19,ENSMUST00000028816
20,ENSMUST00000025511
21,ENSMUST00000098048
22,ENSMUST00000027149
23,ENSMUST00000003219
24,ENSMUST00000024734
25,ENSMUST00000079419
26,ENSMUST00000024739
27,ENSMUST00000087867
28,ENSMUST00000078945
29,ENSMUST00000078944
30,ENSMUST00000022226
31,ENSMUST00000042163
32,ENSMUST00000047226
33,ENSMUST00000011896
34,ENSMUST00000071926
35,ENSMUST00000025193
36,ENSMUST00000029142
37,ENSMUST00000029140
38,ENSMUST00000026899
39,ENSMUST00000035350
40,ENSMUST00000052185
41,ENSMUST00000016463
42,ENSMUST00000025997
43,ENSMUST00000026891
44,ENSMUST00000028921
45,ENSMUST00000022378
46,ENSMUST00000025170
47,ENSMUST00000092966
48,ENSMUST00000068408
49,ENSMUST00000024078
50,ENSMUST00000007042
51,ENSMUST00000025178
52,ENSMUST00000049836
53,ENSMUST00000067496
54,ENSMUST00000090678
55,ENSMUST00000007130
56,ENSMUST00000007131
57,ENSMUST00000117654
58,ENSMUST00000007139
59,ENSMUST00000047131
60,ENSMUST00000110690
61,ENSMUST00000000266
62,ENSMUST00000018851
63,ENSMUST00000064477
64,ENSMUST00000113869
65,ENSMUST00000029989
66,ENSMUST00000039541
67,ENSMUST00000079961
68,ENSMUST00000042780
69,ENSMUST00000006625
70,ENSMUST00000006629
71,ENSMUST00000030456
72,ENSMUST00000030455
73,ENSMUST00000043962
74,ENSMUST00000094604
75,ENSMUST00000030451
76,ENSMUST00000043966
77,ENSMUST00000043419
78,ENSMUST00000042410
79,ENSMUST00000012348
80,ENSMUST00000022519
81,ENSMUST00000022518
82,ENSMUST00000111760
83,ENSMUST00000007266
84,ENSMUST00000008280
85,ENSMUST00000022511
86,ENSMUST00000008284
87,ENSMUST00000020529
88,ENSMUST00000071704
89,ENSMUST00000008594
90,ENSMUST00000025774
91,ENSMUST00000043560
92,ENSMUST00000089059
93,ENSMUST00000114276
94,ENSMUST00000037907
95,ENSMUST00000028817
96,ENSMUST00000034138
97,ENSMUST00000031477
98,ENSMUST00000031474
99,ENSMUST00000023913
100,ENSMUST00000000804
101,ENSMUST00000034131
102,ENSMUST00000034132
103,ENSMUST00000081224
104,ENSMUST00000070522
105,ENSMUST00000031478
106,ENSMUST00000041362
107,ENSMUST00000058914
108,ENSMUST00000019026
109,ENSMUST00000022197
110,ENSMUST00000022196
111,ENSMUST00000054716
112,ENSMUST00000095070
113,ENSMUST00000031984
114,ENSMUST00000034388
115,ENSMUST00000006557
116,ENSMUST00000023351
117,ENSMUST00000023353
118,ENSMUST00000026274
119,ENSMUST00000030404
120,ENSMUST00000022203
121,ENSMUST00000026270
122,ENSMUST00000022204
123,ENSMUST00000044783
124,ENSMUST00000027878
125,ENSMUST00000068333
126,ENSMUST00000030588
127,ENSMUST00000009713
128,ENSMUST00000031058
129,ENSMUST00000033133
130,ENSMUST00000030583
131,ENSMUST00000084721
132,ENSMUST00000102774
133,ENSMUST00000030051
134,ENSMUST00000064099
135,ENSMUST00000030158
136,ENSMUST00000003964
137,ENSMUST00000031697
138,ENSMUST00000043893
139,ENSMUST00000031695
140,ENSMUST00000048706
141,ENSMUST00000085383
142,ENSMUST00000026479
143,ENSMUST00000103180
144,ENSMUST00000022993
145,ENSMUST00000050063
146,ENSMUST00000015391
147,ENSMUST00000026470
148,ENSMUST00000025357
149,ENSMUST00000034264
150,ENSMUST00000061419
151,ENSMUST00000034267
152,ENSMUST00000011058
153,ENSMUST00000032735
154,ENSMUST00000030901
155,ENSMUST00000030903
156,ENSMUST00000011055
157,ENSMUST00000030905
158,ENSMUST00000006301
159,ENSMUST00000044250
160,ENSMUST00000040202
161,ENSMUST00000034311
162,ENSMUST00000034644
163,ENSMUST00000094993
164,ENSMUST00000061158
165,ENSMUST00000020930
166,ENSMUST00000084434
167,ENSMUST00000040668
168,ENSMUST00000037117
169,ENSMUST00000037115
170,ENSMUST00000047510
171,ENSMUST00000069449
172,ENSMUST00000030637
173,ENSMUST00000030636
174,ENSMUST00000086199
175,ENSMUST00000033901
176,ENSMUST00000019118
177,ENSMUST00000032143
178,ENSMUST00000028139
179,ENSMUST00000026506
180,ENSMUST00000019701
181,ENSMUST00000040687
182,ENSMUST00000091374
183,ENSMUST00000034866
184,ENSMUST00000053015
185,ENSMUST00000027050
186,ENSMUST00000023008
187,ENSMUST00000030830
188,ENSMUST00000020023
189,ENSMUST00000029147
190,ENSMUST00000041139
191,ENSMUST00000082177
192,ENSMUST00000033342
193,ENSMUST00000027290
194,ENSMUST00000021512
195,ENSMUST00000036247
196,ENSMUST00000113952
197,ENSMUST00000020843
198,ENSMUST00000033236
199,ENSMUST00000060798
200,ENSMUST00000030128
201,ENSMUST00000036274
202,ENSMUST00000010502
203,ENSMUST00000010278
204,ENSMUST00000085254
205,ENSMUST00000060792
206,ENSMUST00000045243
207,ENSMUST00000030125
208,ENSMUST00000090292
209,ENSMUST00000048054
210,ENSMUST00000061331
211,ENSMUST00000039733
212,ENSMUST00000050273
213,ENSMUST00000076817
214,ENSMUST00000025197
215,ENSMUST00000102589
216,ENSMUST00000036647
217,ENSMUST00000020440
218,ENSMUST00000040538
219,ENSMUST00000051870
220,ENSMUST00000045078
221,ENSMUST00000055758
222,ENSMUST00000020449
223,ENSMUST00000009234
224,ENSMUST00000005714
225,ENSMUST00000004389
226,ENSMUST00000013559
227,ENSMUST00000034369
228,ENSMUST00000032185
229,ENSMUST00000002914
230,ENSMUST00000032183
231,ENSMUST00000033699
232,ENSMUST00000101070
233,ENSMUST00000069168
234,ENSMUST00000004965
235,ENSMUST00000061444
236,ENSMUST00000033163
237,ENSMUST00000033160
238,ENSMUST00000056157
239,ENSMUST00000018246
240,ENSMUST00000059438
241,ENSMUST00000103164
242,ENSMUST00000020112
243,ENSMUST00000041954
244,ENSMUST00000033583
245,ENSMUST00000021864
246,ENSMUST00000033585
247,ENSMUST00000021866
248,ENSMUST00000030399
249,ENSMUST00000106588
250,ENSMUST00000045301
251,ENSMUST00000068973
252,ENSMUST00000061829
253,ENSMUST00000004560
254,ENSMUST00000049537
255,ENSMUST00000004565
256,ENSMUST00000050491
257,ENSMUST00000095457
258,ENSMUST00000035128
259,ENSMUST00000100986
260,ENSMUST00000028553
261,ENSMUST00000028551
262,ENSMUST00000021375
263,ENSMUST00000033761
264,ENSMUST00000019937
265,ENSMUST00000033763
266,ENSMUST00000057438
267,ENSMUST00000019932
268,ENSMUST00000059080
269,ENSMUST00000109226
270,ENSMUST00000019939
271,ENSMUST00000059619
272,ENSMUST00000013773
273,ENSMUST00000084299
274,ENSMUST00000059052
275,ENSMUST00000032963
276,ENSMUST00000005003
277,ENSMUST00000059057
278,ENSMUST00000052346
279,ENSMUST00000032749
280,ENSMUST00000032748
281,ENSMUST00000057725
282,ENSMUST00000005365
283,ENSMUST00000020209
284,ENSMUST00000056085
285,ENSMUST00000077440
286,ENSMUST00000030320
287,ENSMUST00000020203
288,ENSMUST00000024031
289,ENSMUST00000079625
290,ENSMUST00000030491
291,ENSMUST00000025177
292,ENSMUST00000073945
293,ENSMUST00000046520
294,ENSMUST00000049020
295,ENSMUST00000021082
296,ENSMUST00000021083
297,ENSMUST00000032561
298,ENSMUST00000021087
299,ENSMUST00000021084
300,ENSMUST00000021085
301,ENSMUST00000022371
302,ENSMUST00000035218
303,ENSMUST00000105354
304,ENSMUST00000001884
305,ENSMUST00000048993
306,ENSMUST00000002198
307,ENSMUST00000005218
308,ENSMUST00000005749
309,ENSMUST00000053918
310,ENSMUST00000047783
311,ENSMUST00000053917
312,ENSMUST00000005964
313,ENSMUST00000062045
314,ENSMUST00000028157
315,ENSMUST00000046094
316,ENSMUST00000021243
317,ENSMUST00000072383
318,ENSMUST00000002518
319,ENSMUST00000005185
320,ENSMUST00000021249
321,ENSMUST00000038791
322,ENSMUST00000002289
323,ENSMUST00000110594
324,ENSMUST00000038794
325,ENSMUST00000088737
326,ENSMUST00000017090
327,ENSMUST00000002280
328,ENSMUST00000114048
329,ENSMUST00000006435
330,ENSMUST00000053593
331,ENSMUST00000028807
332,ENSMUST00000099276
333,ENSMUST00000002603
334,ENSMUST00000052932
335,ENSMUST00000058470
336,ENSMUST00000025617
337,ENSMUST00000078977
338,ENSMUST00000009707
339,ENSMUST00000089559
340,ENSMUST00000034986
341,ENSMUST00000088287
342,ENSMUST00000025186
343,ENSMUST00000075280
344,ENSMUST00000025181
345,ENSMUST00000047232
346,ENSMUST00000038574
347,ENSMUST00000035033
348,ENSMUST00000084116
349,ENSMUST00000038570
350,ENSMUST00000028938
351,ENSMUST00000035034
352,ENSMUST00000031264
353,ENSMUST00000056149
354,ENSMUST00000024967
355,ENSMUST00000035038
356,ENSMUST00000031268
357,ENSMUST00000072837
358,ENSMUST00000024963
359,ENSMUST00000078374
360,ENSMUST00000025161
361,ENSMUST00000006053
362,ENSMUST00000025163
363,ENSMUST00000092915
364,ENSMUST00000003550
365,ENSMUST00000025166
366,ENSMUST00000022696
367,ENSMUST00000022345
368,ENSMUST00000006462
369,ENSMUST00000022341
370,ENSMUST00000020769
371,ENSMUST00000025503
372,ENSMUST00000092766
373,ENSMUST00000025506
374,ENSMUST00000025505
375,ENSMUST00000049937
376,ENSMUST00000027877
377,ENSMUST00000067467
378,ENSMUST00000049932
379,ENSMUST00000062945
380,ENSMUST00000029046
381,ENSMUST00000045372
382,ENSMUST00000039559
383,ENSMUST00000029515
384,ENSMUST00000039554
385,ENSMUST00000066134
386,ENSMUST00000067664
387,ENSMUST00000015816
388,ENSMUST00000047903
389,ENSMUST00000064797
390,ENSMUST00000027036
391,ENSMUST00000015812
392,ENSMUST00000006611
393,ENSMUST00000052248
394,ENSMUST00000079970
395,ENSMUST00000000137
396,ENSMUST00000043951
397,ENSMUST00000070673
398,ENSMUST00000042405
399,ENSMUST00000043429
400,ENSMUST00000043138
401,ENSMUST00000068156
402,ENSMUST00000027602
403,ENSMUST00000012627
404,ENSMUST00000054815
405,ENSMUST00000043422
406,ENSMUST00000031866
407,ENSMUST00000025767
408,ENSMUST00000012028
409,ENSMUST00000071718
410,ENSMUST00000025762
411,ENSMUST00000111080
412,ENSMUST00000097981
413,ENSMUST00000019517
414,ENSMUST00000016072
415,ENSMUST00000029444
416,ENSMUST00000059980
417,ENSMUST00000059983
418,ENSMUST00000078286
419,ENSMUST00000033283
420,ENSMUST00000093517
421,ENSMUST00000035055
422,ENSMUST00000033282
423,ENSMUST00000078021
424,ENSMUST00000060092
425,ENSMUST00000082094
426,ENSMUST00000019050
427,ENSMUST00000018506
428,ENSMUST00000033824
429,ENSMUST00000048263
430,ENSMUST00000065210
431,ENSMUST00000048260
432,ENSMUST00000015256
433,ENSMUST00000086294
434,ENSMUST00000026266
435,ENSMUST00000034499
436,ENSMUST00000026264
437,ENSMUST00000022529
438,ENSMUST00000031513
439,ENSMUST00000026649
440,ENSMUST00000064314
441,ENSMUST00000007216
442,ENSMUST00000055575
443,ENSMUST00000034015
444,ENSMUST00000019697
445,ENSMUST00000015920
446,ENSMUST00000040314
447,ENSMUST00000074669
448,ENSMUST00000030028
449,ENSMUST00000033913
450,ENSMUST00000034567
451,ENSMUST00000018470
452,ENSMUST00000026469
453,ENSMUST00000018476
454,ENSMUST00000103199
455,ENSMUST00000103198
456,ENSMUST00000077856
457,ENSMUST00000026461
458,ENSMUST00000103191
459,ENSMUST00000092048
460,ENSMUST00000034278
461,ENSMUST00000019638
462,ENSMUST00000048192
463,ENSMUST00000000058
464,ENSMUST00000081702
465,ENSMUST00000045312
466,ENSMUST00000027111
467,ENSMUST00000034277
468,ENSMUST00000034276
469,ENSMUST00000027114
470,ENSMUST00000020909
471,ENSMUST00000034304
472,ENSMUST00000016105
473,ENSMUST00000027601
474,ENSMUST00000040835
475,ENSMUST00000020904
476,ENSMUST00000042942
477,ENSMUST00000045866
478,ENSMUST00000043148
479,ENSMUST00000027592
480,ENSMUST00000041830
481,ENSMUST00000086723
482,ENSMUST00000023099
483,ENSMUST00000047404
484,ENSMUST00000004375
485,ENSMUST00000048688
486,ENSMUST00000034879
487,ENSMUST00000020695
488,ENSMUST00000073572
489,ENSMUST00000060108
490,ENSMUST00000014263
491,ENSMUST00000112308
492,ENSMUST00000071874
493,ENSMUST00000078691
494,ENSMUST00000015100
495,ENSMUST00000030805
496,ENSMUST00000030806
497,ENSMUST00000050646
498,ENSMUST00000009174
499,ENSMUST00000040234
500,ENSMUST00000051605
501,ENSMUST00000041638
502,ENSMUST00000041633
503,ENSMUST00000065353
504,ENSMUST00000061326
505,ENSMUST00000022830
506,ENSMUST00000091848
507,ENSMUST00000054030
508,ENSMUST00000102574
509,ENSMUST00000065917
510,ENSMUST00000032882
511,ENSMUST00000086519
512,ENSMUST00000007865
513,ENSMUST00000080723
514,ENSMUST00000027339
515,ENSMUST00000051867
516,ENSMUST00000022946
517,ENSMUST00000021471
518,ENSMUST00000033179
519,ENSMUST00000041544
520,ENSMUST00000041010
521,ENSMUST00000032172
522,ENSMUST00000021479
523,ENSMUST00000033176
524,ENSMUST00000033171
525,ENSMUST00000067925
526,ENSMUST00000019302
527,ENSMUST00000103172
528,ENSMUST00000066496
529,ENSMUST00000033598
530,ENSMUST00000033597
531,ENSMUST00000102484
532,ENSMUST00000066257
533,ENSMUST00000107842
534,ENSMUST00000004574
535,ENSMUST00000073371
536,ENSMUST00000033570
537,ENSMUST00000045689
538,ENSMUST00000033577
539,ENSMUST00000014505
540,ENSMUST00000047429
541,ENSMUST00000109485
542,ENSMUST00000022170
543,ENSMUST00000101285
544,ENSMUST00000001724
545,ENSMUST00000066070
546,ENSMUST00000033683
547,ENSMUST00000097680
548,ENSMUST00000059515
549,ENSMUST00000059042
550,ENSMUST00000059045
551,ENSMUST00000005503
552,ENSMUST00000077271
553,ENSMUST00000058060
554,ENSMUST00000045441
555,ENSMUST00000000590
556,ENSMUST00000020277
557,ENSMUST00000020273
558,ENSMUST00000020270
559,ENSMUST00000049151
560,ENSMUST00000046246
561,ENSMUST00000025836
562,ENSMUST00000095214
563,ENSMUST00000021091
564,ENSMUST00000021090
565,ENSMUST00000099224
566,ENSMUST00000039144
567,ENSMUST00000046651
568,ENSMUST00000092996
569,ENSMUST00000032220
570,ENSMUST00000024594
571,ENSMUST00000001548
572,ENSMUST00000057557
573,ENSMUST00000035201
574,ENSMUST00000001544
575,ENSMUST00000001547
576,ENSMUST00000039784
577,ENSMUST00000024599
578,ENSMUST00000039810
579,ENSMUST00000102980
580,ENSMUST00000109241
581,ENSMUST00000035519
582,ENSMUST00000051955
583,ENSMUST00000070968
584,ENSMUST00000020307
585,ENSMUST00000024119
586,ENSMUST00000048527
587,ENSMUST00000021148
588,ENSMUST00000032425
589,ENSMUST00000029610
590,ENSMUST00000056396
591,ENSMUST00000053729
592,ENSMUST00000056398
593,ENSMUST00000051950
594,ENSMUST00000032429
595,ENSMUST00000071949
596,ENSMUST00000098651
597,ENSMUST00000038142
598,ENSMUST00000042096
599,ENSMUST00000018875
600,ENSMUST00000040990
601,ENSMUST00000028584
602,ENSMUST00000110167
603,ENSMUST00000028238
604,ENSMUST00000028239
605,ENSMUST00000005647
606,ENSMUST00000028583
607,ENSMUST00000025375
608,ENSMUST00000090171
609,ENSMUST00000040992
610,ENSMUST00000096318
611,ENSMUST00000028234
612,ENSMUST00000101055
613,ENSMUST00000042148
614,ENSMUST00000036928
615,ENSMUST00000049323
616,ENSMUST00000042146
617,ENSMUST00000042147
618,ENSMUST00000025979
619,ENSMUST00000053434
620,ENSMUST00000038563
621,ENSMUST00000024974
622,ENSMUST00000078362
623,ENSMUST00000084124
624,ENSMUST00000018383
625,ENSMUST00000072841
626,ENSMUST00000028900
627,ENSMUST00000079213
628,ENSMUST00000025408
629,ENSMUST00000036225
630,ENSMUST00000025337
631,ENSMUST00000060992
632,ENSMUST00000028909
633,ENSMUST00000008733
634,ENSMUST00000029180
635,ENSMUST00000025406
636,ENSMUST00000022682
637,ENSMUST00000019317
638,ENSMUST00000025570
639,ENSMUST00000028059
640,ENSMUST00000071898
641,ENSMUST00000064393
642,ENSMUST00000067476
643,ENSMUST00000094161
644,ENSMUST00000019470
645,ENSMUST00000025083
646,ENSMUST00000003493
647,ENSMUST00000017408
648,ENSMUST00000021443
649,ENSMUST00000022751
650,ENSMUST00000026986
651,ENSMUST00000026987
652,ENSMUST00000034801
653,ENSMUST00000110416
654,ENSMUST00000015800
655,ENSMUST00000089230
656,ENSMUST00000059354
657,ENSMUST00000008131
658,ENSMUST00000031859
659,ENSMUST00000055808
660,ENSMUST00000031850
661,ENSMUST00000000466
662,ENSMUST00000017065
663,ENSMUST00000067218
664,ENSMUST00000067215
665,ENSMUST00000071095
666,ENSMUST00000054952
667,ENSMUST00000022358
668,ENSMUST00000090095
669,ENSMUST00000029476
670,ENSMUST00000007800
671,ENSMUST00000003386
672,ENSMUST00000061856
673,ENSMUST00000073261
674,ENSMUST00000025885
675,ENSMUST00000063976
676,ENSMUST00000048147
677,ENSMUST00000003947
678,ENSMUST00000003946
679,ENSMUST00000022286
680,ENSMUST00000002805
681,ENSMUST00000100528
682,ENSMUST00000075738
683,ENSMUST00000099858
684,ENSMUST00000086046
685,ENSMUST00000087143
686,ENSMUST00000029875
687,ENSMUST00000022228
688,ENSMUST00000026218
689,ENSMUST00000012259
690,ENSMUST00000026217
691,ENSMUST00000034460
692,ENSMUST00000024802
693,ENSMUST00000022227
694,ENSMUST00000044011
695,ENSMUST00000034464
696,ENSMUST00000034465
697,ENSMUST00000067857
698,ENSMUST00000022536
699,ENSMUST00000022535
700,ENSMUST00000067854
701,ENSMUST00000115238
702,ENSMUST00000031038
703,ENSMUST00000031524
704,ENSMUST00000023805
705,ENSMUST00000031034
706,ENSMUST00000031032
707,ENSMUST00000002029
708,ENSMUST00000022538
709,ENSMUST00000093234
710,ENSMUST00000056601
711,ENSMUST00000019683
712,ENSMUST00000030030
713,ENSMUST00000081551
714,ENSMUST00000078589
715,ENSMUST00000044492
716,ENSMUST00000102715
717,ENSMUST00000015934
718,ENSMUST00000033966
719,ENSMUST00000033967
720,ENSMUST00000054607
721,ENSMUST00000000287
722,ENSMUST00000034000
723,ENSMUST00000026699
724,ENSMUST00000096482
725,ENSMUST00000015893
726,ENSMUST00000026322
727,ENSMUST00000027108
728,ENSMUST00000012587
729,ENSMUST00000026324
730,ENSMUST00000044475
731,ENSMUST00000026459
732,ENSMUST00000034204
733,ENSMUST00000027700
734,ENSMUST00000060531
735,ENSMUST00000042191
736,ENSMUST00000023486
737,ENSMUST00000108883
738,ENSMUST00000040043
739,ENSMUST00000064740
740,ENSMUST00000040607
741,ENSMUST00000045756
742,ENSMUST00000031144
743,ENSMUST00000040824
744,ENSMUST00000020915
745,ENSMUST00000062677
746,ENSMUST00000084418
747,ENSMUST00000020911
748,ENSMUST00000052566
749,ENSMUST00000062678
750,ENSMUST00000102621
751,ENSMUST00000102625
752,ENSMUST00000033544
753,ENSMUST00000041806
754,ENSMUST00000111338
755,ENSMUST00000107270
756,ENSMUST00000021311
757,ENSMUST00000026520
758,ENSMUST00000016081
759,ENSMUST00000086461
760,ENSMUST00000023069
761,ENSMUST00000023064
762,ENSMUST00000034689
763,ENSMUST00000023062
764,ENSMUST00000076313
765,ENSMUST00000074267
766,ENSMUST00000069712
767,ENSMUST00000025278
768,ENSMUST00000037649
769,ENSMUST00000030814
770,ENSMUST00000045277
771,ENSMUST00000045697
772,ENSMUST00000034541
773,ENSMUST00000034848
774,ENSMUST00000082152
775,ENSMUST00000069718
776,ENSMUST00000051704
777,ENSMUST00000037644
778,ENSMUST00000044271
779,ENSMUST00000030920
780,ENSMUST00000051672
781,ENSMUST00000044277
782,ENSMUST00000027921
783,ENSMUST00000030140
784,ENSMUST00000030143
785,ENSMUST00000108298
786,ENSMUST00000022821
787,ENSMUST00000085272
788,ENSMUST00000114976
789,ENSMUST00000111331
790,ENSMUST00000102561
791,ENSMUST00000063682
792,ENSMUST00000065625
793,ENSMUST00000102567
794,ENSMUST00000018315
795,ENSMUST00000032895
796,ENSMUST00000032891
797,ENSMUST00000087026
798,ENSMUST00000113573
799,ENSMUST00000020463
800,ENSMUST00000020461
801,ENSMUST00000032899
802,ENSMUST00000032898
803,ENSMUST00000025542
804,ENSMUST00000021406
805,ENSMUST00000032168
806,ENSMUST00000021405
807,ENSMUST00000014370
808,ENSMUST00000025541
809,ENSMUST00000060956
810,ENSMUST00000032165
811,ENSMUST00000114897
812,ENSMUST00000103146
813,ENSMUST00000103147
814,ENSMUST00000086216
815,ENSMUST00000014750
816,ENSMUST00000036221
817,ENSMUST00000102494
818,ENSMUST00000009120
819,ENSMUST00000062904
820,ENSMUST00000066489
821,ENSMUST00000036229
822,ENSMUST00000023462
823,ENSMUST00000023460
824,ENSMUST00000023467
825,ENSMUST00000058109
826,ENSMUST00000048145
827,ENSMUST00000010899
828,ENSMUST00000033545
829,ENSMUST00000033547
830,ENSMUST00000033540
831,ENSMUST00000033541
832,ENSMUST00000021313
833,ENSMUST00000045693
834,ENSMUST00000101127
835,ENSMUST00000021314
836,ENSMUST00000020490
837,ENSMUST00000074846
838,ENSMUST00000032309
839,ENSMUST00000019917
840,ENSMUST00000047436
841,ENSMUST00000001716
842,ENSMUST00000036355
843,ENSMUST00000099106
844,ENSMUST00000020980
845,ENSMUST00000066668
846,ENSMUST00000021790
847,ENSMUST00000032768
848,ENSMUST00000090680
849,ENSMUST00000032946
850,ENSMUST00000001155
851,ENSMUST00000049149
852,ENSMUST00000020268
853,ENSMUST00000005431
854,ENSMUST00000045450
855,ENSMUST00000097737
856,ENSMUST00000072141
857,ENSMUST00000008893
858,ENSMUST00000094378
859,ENSMUST00000057093
860,ENSMUST00000109587
861,ENSMUST00000041208
862,ENSMUST00000039152
863,ENSMUST00000038406
864,ENSMUST00000040021
865,ENSMUST00000092462
866,ENSMUST00000058659
867,ENSMUST00000032237
868,ENSMUST00000002171
869,ENSMUST00000115352
870,ENSMUST00000035237
871,ENSMUST00000034547
872,ENSMUST00000088931
873,ENSMUST00000040972
874,ENSMUST00000099691
875,ENSMUST00000042901
876,ENSMUST00000035105
877,ENSMUST00000035836
878,ENSMUST00000013759
879,ENSMUST00000020311
880,ENSMUST00000028137
881,ENSMUST00000096014
882,ENSMUST00000114526
883,ENSMUST00000020317
884,ENSMUST00000020316
885,ENSMUST00000021226
886,ENSMUST00000006851
887,ENSMUST00000006856
888,ENSMUST00000031092
889,ENSMUST00000006854
890,ENSMUST00000001974
891,ENSMUST00000001975
892,ENSMUST00000029663
893,ENSMUST00000090791
894,ENSMUST00000026190
895,ENSMUST00000110570
896,ENSMUST00000053737
897,ENSMUST00000088716
898,ENSMUST00000039373
899,ENSMUST00000029669
900,ENSMUST00000099071
901,ENSMUST00000006293
902,ENSMUST00000039487
903,ENSMUST00000099078
904,ENSMUST00000027677
905,ENSMUST00000100099
906,ENSMUST00000055941
907,ENSMUST00000052249
908,ENSMUST00000005651
909,ENSMUST00000028599
910,ENSMUST00000030738
911,ENSMUST00000007708
912,ENSMUST00000076734
913,ENSMUST00000028592
914,ENSMUST00000028222
915,ENSMUST00000028225
916,ENSMUST00000028224
917,ENSMUST00000098537
918,ENSMUST00000021133
919,ENSMUST00000003714
920,ENSMUST00000078912
921,ENSMUST00000071423
922,ENSMUST00000046349
923,ENSMUST00000045454
924,ENSMUST00000061156
925,ENSMUST00000078918
926,ENSMUST00000024783
927,ENSMUST00000017184
928,ENSMUST00000035010
929,ENSMUST00000022391
930,ENSMUST00000002397
931,ENSMUST00000053426
932,ENSMUST00000025961
933,ENSMUST00000027174
934,ENSMUST00000038514
935,ENSMUST00000078357
936,ENSMUST00000025965
937,ENSMUST00000016452
938,ENSMUST00000017188
939,ENSMUST00000025419
940,ENSMUST00000025418
941,ENSMUST00000055704
942,ENSMUST00000018792
943,ENSMUST00000003029
944,ENSMUST00000024946
945,ENSMUST00000030202
946,ENSMUST00000025417
947,ENSMUST00000025567
948,ENSMUST00000029269
949,ENSMUST00000025561
950,ENSMUST00000042556
951,ENSMUST00000025563
952,ENSMUST00000025562
953,ENSMUST00000003622
954,ENSMUST00000032629
955,ENSMUST00000029266
956,ENSMUST00000003156
957,ENSMUST00000025095
958,ENSMUST00000027916
959,ENSMUST00000039153
960,ENSMUST00000038422
961,ENSMUST00000039370
962,ENSMUST00000038421
963,ENSMUST00000026991
964,ENSMUST00000026990
965,ENSMUST00000038356
966,ENSMUST00000020931
967,ENSMUST00000052068
968,ENSMUST00000102814
969,ENSMUST00000029082
970,ENSMUST00000043937
971,ENSMUST00000022038
972,ENSMUST00000022039
973,ENSMUST00000054547
974,ENSMUST00000022781
975,ENSMUST00000052266
976,ENSMUST00000043931
977,ENSMUST00000078139
978,ENSMUST00000022030
979,ENSMUST00000087557
980,ENSMUST00000000451
981,ENSMUST00000049294
982,ENSMUST00000042334
983,ENSMUST00000022322
984,ENSMUST00000038169
985,ENSMUST00000007814
986,ENSMUST00000029405
987,ENSMUST00000029402
988,ENSMUST00000068505
989,ENSMUST00000068054
990,ENSMUST00000025786
991,ENSMUST00000067996
992,ENSMUST00000098090
993,ENSMUST00000026387
994,ENSMUST00000115338
995,ENSMUST00000029542
996,ENSMUST00000031447
997,ENSMUST00000031445
998,ENSMUST00000023924
999,ENSMUST00000075641
0,ENSMUST00000028207
1,ENSMUST00000025300
2,ENSMUST00000028205
3,ENSMUST00000036977
4,ENSMUST00000002809
5,ENSMUST00000002808
6,ENSMUST00000031229
7,ENSMUST00000001825
8,ENSMUST00000031227
9,ENSMUST00000002805
10,ENSMUST00000006381
11,ENSMUST00000002029
12,ENSMUST00000025127
13,ENSMUST00000025239
14,ENSMUST00000024897
15,ENSMUST00000002735
16,ENSMUST00000034249
17,ENSMUST00000002733
18,ENSMUST00000025546
19,ENSMUST00000025542
20,ENSMUST00000025541
21,ENSMUST00000017458
22,ENSMUST00000035113
23,ENSMUST00000019405
24,ENSMUST00000031311
25,ENSMUST00000006496
26,ENSMUST00000035105
27,ENSMUST00000028087
28,ENSMUST00000025050
29,ENSMUST00000034986
30,ENSMUST00000003461
31,ENSMUST00000025058
32,ENSMUST00000006128
33,ENSMUST00000027153
34,ENSMUST00000029082
35,ENSMUST00000003044
36,ENSMUST00000003513
37,ENSMUST00000007012
38,ENSMUST00000025439
39,ENSMUST00000030202
40,ENSMUST00000029424
41,ENSMUST00000016033
42,ENSMUST00000042834
43,ENSMUST00000022496
44,ENSMUST00000022497
45,ENSMUST00000043864
46,ENSMUST00000043865
47,ENSMUST00000043867
48,ENSMUST00000022476
49,ENSMUST00000041353
50,ENSMUST00000031483
51,ENSMUST00000031486
52,ENSMUST00000026043
53,ENSMUST00000031795
54,ENSMUST00000042990
55,ENSMUST00000031793
56,ENSMUST00000026827
57,ENSMUST00000043464
58,ENSMUST00000068387
59,ENSMUST00000030578
60,ENSMUST00000031002
61,ENSMUST00000023873
62,ENSMUST00000034058
63,ENSMUST00000027802
64,ENSMUST00000034051
65,ENSMUST00000070117
66,ENSMUST00000030684
67,ENSMUST00000029935
68,ENSMUST00000018437
69,ENSMUST00000029938
70,ENSMUST00000050328
71,ENSMUST00000018431
72,ENSMUST00000018430
73,ENSMUST00000027792
74,ENSMUST00000029005
75,ENSMUST00000000769
76,ENSMUST00000044111
77,ENSMUST00000000767
78,ENSMUST00000044113
79,ENSMUST00000040167
80,ENSMUST00000000090
81,ENSMUST00000015361
82,ENSMUST00000044116
83,ENSMUST00000034457
84,ENSMUST00000026222
85,ENSMUST00000026221
86,ENSMUST00000040010
87,ENSMUST00000016144
88,ENSMUST00000034458
89,ENSMUST00000044068
90,ENSMUST00000033927
91,ENSMUST00000026558
92,ENSMUST00000000365
93,ENSMUST00000020653
94,ENSMUST00000041769
95,ENSMUST00000034529
96,ENSMUST00000023054
97,ENSMUST00000001258
98,ENSMUST00000027579
99,ENSMUST00000023059
100,ENSMUST00000034524
101,ENSMUST00000027157
102,ENSMUST00000034234
103,ENSMUST00000034981
104,ENSMUST00000034980
105,ENSMUST00000034983
106,ENSMUST00000037504
107,ENSMUST00000030201
108,ENSMUST00000034989
109,ENSMUST00000030207
110,ENSMUST00000030205
111,ENSMUST00000027970
112,ENSMUST00000027973
113,ENSMUST00000023759
114,ENSMUST00000030192
115,ENSMUST00000022871
116,ENSMUST00000030993
117,ENSMUST00000037290
118,ENSMUST00000027379
119,ENSMUST00000027373
120,ENSMUST00000023694
121,ENSMUST00000031447
122,ENSMUST00000037763
123,ENSMUST00000021920
124,ENSMUST00000040580
125,ENSMUST00000041500
126,ENSMUST00000040340
127,ENSMUST00000040344
128,ENSMUST00000033310
129,ENSMUST00000015146
130,ENSMUST00000037618
131,ENSMUST00000041160
132,ENSMUST00000033087
133,ENSMUST00000018212
134,ENSMUST00000022904
135,ENSMUST00000009036
136,ENSMUST00000009039
137,ENSMUST00000022908
138,ENSMUST00000022909
139,ENSMUST00000033088
140,ENSMUST00000041987
141,ENSMUST00000020504
142,ENSMUST00000020501
143,ENSMUST00000014546
144,ENSMUST00000040583
145,ENSMUST00000021329
146,ENSMUST00000042901
147,ENSMUST00000022286
148,ENSMUST00000020820
149,ENSMUST00000004396
150,ENSMUST00000032138
151,ENSMUST00000032915
152,ENSMUST00000021217
153,ENSMUST00000014438
154,ENSMUST00000020484
155,ENSMUST00000041231
156,ENSMUST00000030795
157,ENSMUST00000035484
158,ENSMUST00000013304
159,ENSMUST00000001611
160,ENSMUST00000032597
161,ENSMUST00000037615
162,ENSMUST00000021692
163,ENSMUST00000033313
164,ENSMUST00000004646
165,ENSMUST00000005066
166,ENSMUST00000005067
167,ENSMUST00000008991
168,ENSMUST00000028470
169,ENSMUST00000020343
170,ENSMUST00000056919
171,ENSMUST00000032413
172,ENSMUST00000029650
173,ENSMUST00000016901
174,ENSMUST00000072080
175,ENSMUST00000057208
176,ENSMUST00000037349
177,ENSMUST00000002127
178,ENSMUST00000053871
179,ENSMUST00000002121
180,ENSMUST00000005606
181,ENSMUST00000005607
182,ENSMUST00000048966
183,ENSMUST00000002128
184,ENSMUST00000032419
185,ENSMUST00000003726
186,ENSMUST00000028278
187,ENSMUST00000003720
188,ENSMUST00000035069
189,ENSMUST00000001834
190,ENSMUST00000001836
191,ENSMUST00000002837
192,ENSMUST00000006391
193,ENSMUST00000031841
194,ENSMUST00000006392
195,ENSMUST00000023453
196,ENSMUST00000030164
197,ENSMUST00000025684
198,ENSMUST00000025930
199,ENSMUST00000042614
200,ENSMUST00000031029
201,ENSMUST00000019109
202,ENSMUST00000024885
203,ENSMUST00000024884
204,ENSMUST00000024887
205,ENSMUST00000024881
206,ENSMUST00000024882
207,ENSMUST00000042052
208,ENSMUST00000029786
209,ENSMUST00000029780
210,ENSMUST00000029783
211,ENSMUST00000042055
212,ENSMUST00000026667
213,ENSMUST00000028098
214,ENSMUST00000029256
215,ENSMUST00000031024
216,ENSMUST00000029259
217,ENSMUST00000017332
218,ENSMUST00000042296
219,ENSMUST00000028892
220,ENSMUST00000025595
221,ENSMUST00000031364
222,ENSMUST00000025590
223,ENSMUST00000035116
224,ENSMUST00000003183
225,ENSMUST00000038411
226,ENSMUST00000025841
227,ENSMUST00000025846
228,ENSMUST00000025847
229,ENSMUST00000018691
230,ENSMUST00000006137
231,ENSMUST00000028800
232,ENSMUST00000043907
233,ENSMUST00000043675
234,ENSMUST00000018909
235,ENSMUST00000040514
236,ENSMUST00000037850
237,ENSMUST00000019506
238,ENSMUST00000021443
239,ENSMUST00000033131
240,ENSMUST00000030563
241,ENSMUST00000008517
242,ENSMUST00000041023
243,ENSMUST00000007602
244,ENSMUST00000043870
245,ENSMUST00000026142
246,ENSMUST00000026144
247,ENSMUST00000042471
248,ENSMUST00000026433
249,ENSMUST00000012679
250,ENSMUST00000034079
251,ENSMUST00000031766
252,ENSMUST00000026039
253,ENSMUST00000018744
254,ENSMUST00000026816
255,ENSMUST00000026818
256,ENSMUST00000015903
257,ENSMUST00000031565
258,ENSMUST00000027810
259,ENSMUST00000029925
260,ENSMUST00000030690
261,ENSMUST00000043498
262,ENSMUST00000030698
263,ENSMUST00000023206
264,ENSMUST00000034738
265,ENSMUST00000029812
266,ENSMUST00000027781
267,ENSMUST00000027780
268,ENSMUST00000026495
269,ENSMUST00000031588
270,ENSMUST00000000776
271,ENSMUST00000034426
272,ENSMUST00000016771
273,ENSMUST00000027503
274,ENSMUST00000040008
275,ENSMUST00000025811
276,ENSMUST00000044051
277,ENSMUST00000040005
278,ENSMUST00000031105
279,ENSMUST00000031103
280,ENSMUST00000034428
281,ENSMUST00000031101
282,ENSMUST00000030365
283,ENSMUST00000030367
284,ENSMUST00000030361
285,ENSMUST00000018353
286,ENSMUST00000029386
287,ENSMUST00000009138
288,ENSMUST00000023510
289,ENSMUST00000023514
290,ENSMUST00000026560
291,ENSMUST00000000175
292,ENSMUST00000020640
293,ENSMUST00000026565
294,ENSMUST00000037190
295,ENSMUST00000020649
296,ENSMUST00000034552
297,ENSMUST00000034881
298,ENSMUST00000031613
299,ENSMUST00000031617
300,ENSMUST00000040915
301,ENSMUST00000040914
302,ENSMUST00000040917
303,ENSMUST00000010239
304,ENSMUST00000040912
305,ENSMUST00000027965
306,ENSMUST00000027961
307,ENSMUST00000022865
308,ENSMUST00000030185
309,ENSMUST00000030187
310,ENSMUST00000030986
311,ENSMUST00000037280
312,ENSMUST00000037285
313,ENSMUST00000004097
314,ENSMUST00000021918
315,ENSMUST00000020420
316,ENSMUST00000015791
317,ENSMUST00000037776
318,ENSMUST00000015796
319,ENSMUST00000015157
320,ENSMUST00000033983
321,ENSMUST00000019354
322,ENSMUST00000033325
323,ENSMUST00000034607
324,ENSMUST00000023489
325,ENSMUST00000023455
326,ENSMUST00000009003
327,ENSMUST00000014499
328,ENSMUST00000027213
329,ENSMUST00000021594
330,ENSMUST00000021595
331,ENSMUST00000009344
332,ENSMUST00000023918
333,ENSMUST00000036554
334,ENSMUST00000033501
335,ENSMUST00000041403
336,ENSMUST00000033509
337,ENSMUST00000001042
338,ENSMUST00000032057
339,ENSMUST00000032124
340,ENSMUST00000027877
341,ENSMUST00000014339
342,ENSMUST00000033182
343,ENSMUST00000001116
344,ENSMUST00000001115
345,ENSMUST00000031654
346,ENSMUST00000032909
347,ENSMUST00000028469
348,ENSMUST00000014445
349,ENSMUST00000032279
350,ENSMUST00000001339
351,ENSMUST00000001620
352,ENSMUST00000004072
353,ENSMUST00000032879
354,ENSMUST00000038388
355,ENSMUST00000033749
356,ENSMUST00000001757
357,ENSMUST00000035037
358,ENSMUST00000020359
359,ENSMUST00000048774
360,ENSMUST00000028795
361,ENSMUST00000036951
362,ENSMUST00000036952
363,ENSMUST00000028796
364,ENSMUST00000029699
365,ENSMUST00000032477
366,ENSMUST00000002599
367,ENSMUST00000005292
368,ENSMUST00000032473
369,ENSMUST00000006254
370,ENSMUST00000035612
371,ENSMUST00000038738
372,ENSMUST00000039280
373,ENSMUST00000002133
374,ENSMUST00000036437
375,ENSMUST00000005233
376,ENSMUST00000035276
377,ENSMUST00000021170
378,ENSMUST00000001806
379,ENSMUST00000047144
380,ENSMUST00000001801
381,ENSMUST00000035295
382,ENSMUST00000001809
383,ENSMUST00000038644
384,ENSMUST00000003268
385,ENSMUST00000035053
386,ENSMUST00000002048
387,ENSMUST00000002825
388,ENSMUST00000035725
389,ENSMUST00000024987
390,ENSMUST00000024981
391,ENSMUST00000002043
392,ENSMUST00000019441
393,ENSMUST00000028640
394,ENSMUST00000028314
395,ENSMUST00000021001
396,ENSMUST00000025217
397,ENSMUST00000025218
398,ENSMUST00000042281
399,ENSMUST00000003669
400,ENSMUST00000021669
401,ENSMUST00000024851
402,ENSMUST00000038398
403,ENSMUST00000035121
404,ENSMUST00000002911
405,ENSMUST00000025851
406,ENSMUST00000023071
407,ENSMUST00000025853
408,ENSMUST00000035128
409,ENSMUST00000016781
410,ENSMUST00000025073
411,ENSMUST00000012440
412,ENSMUST00000029684
413,ENSMUST00000025106
414,ENSMUST00000042601
415,ENSMUST00000006035
416,ENSMUST00000025453
417,ENSMUST00000006037
418,ENSMUST00000025109
419,ENSMUST00000019517
420,ENSMUST00000017548
421,ENSMUST00000006614
422,ENSMUST00000021698
423,ENSMUST00000019631
424,ENSMUST00000030518
425,ENSMUST00000003310
426,ENSMUST00000026151
427,ENSMUST00000025486
428,ENSMUST00000003319
429,ENSMUST00000031190
430,ENSMUST00000031779
431,ENSMUST00000025484
432,ENSMUST00000029358
433,ENSMUST00000031805
434,ENSMUST00000029355
435,ENSMUST00000029353
436,ENSMUST00000033277
437,ENSMUST00000030286
438,ENSMUST00000023231
439,ENSMUST00000007296
440,ENSMUST00000022580
441,ENSMUST00000023851
442,ENSMUST00000029915
443,ENSMUST00000029912
444,ENSMUST00000004955
445,ENSMUST00000043735
446,ENSMUST00000023217
447,ENSMUST00000040967
448,ENSMUST00000023210
449,ENSMUST00000031597
450,ENSMUST00000000985
451,ENSMUST00000031598
452,ENSMUST00000034097
453,ENSMUST00000027777
454,ENSMUST00000034094
455,ENSMUST00000008537
456,ENSMUST00000031971
457,ENSMUST00000034432
458,ENSMUST00000022293
459,ENSMUST00000031978
460,ENSMUST00000015892
461,ENSMUST00000026976
462,ENSMUST00000026975
463,ENSMUST00000015891
464,ENSMUST00000042953
465,ENSMUST00000020341
466,ENSMUST00000030427
467,ENSMUST00000030357
468,ENSMUST00000040783
469,ENSMUST00000022855
470,ENSMUST00000022856
471,ENSMUST00000009120
472,ENSMUST00000027687
473,ENSMUST00000027684
474,ENSMUST00000023502
475,ENSMUST00000000348
476,ENSMUST00000023507
477,ENSMUST00000026577
478,ENSMUST00000020637
479,ENSMUST00000020634
480,ENSMUST00000032508
481,ENSMUST00000026572
482,ENSMUST00000020630
483,ENSMUST00000034547
484,ENSMUST00000027512
485,ENSMUST00000034543
486,ENSMUST00000027178
487,ENSMUST00000026480
488,ENSMUST00000026485
489,ENSMUST00000030734
490,ENSMUST00000027173
491,ENSMUST00000023189
492,ENSMUST00000030731
493,ENSMUST00000029773
494,ENSMUST00000027193
495,ENSMUST00000010254
496,ENSMUST00000020749
497,ENSMUST00000034947
498,ENSMUST00000034946
499,ENSMUST00000027198
500,ENSMUST00000030556
501,ENSMUST00000027421
502,ENSMUST00000027358
503,ENSMUST00000046603
504,ENSMUST00000030642
505,ENSMUST00000033999
506,ENSMUST00000030644
507,ENSMUST00000032461
508,ENSMUST00000033992
509,ENSMUST00000033990
510,ENSMUST00000033995
511,ENSMUST00000014922
512,ENSMUST00000022925
513,ENSMUST00000019362
514,ENSMUST00000022927
515,ENSMUST00000023431
516,ENSMUST00000023432
517,ENSMUST00000037383
518,ENSMUST00000040430
519,ENSMUST00000040434
520,ENSMUST00000035985
521,ENSMUST00000021345
522,ENSMUST00000033040
523,ENSMUST00000021347
524,ENSMUST00000041418
525,ENSMUST00000033513
526,ENSMUST00000032065
527,ENSMUST00000032060
528,ENSMUST00000021559
529,ENSMUST00000050575
530,ENSMUST00000036161
531,ENSMUST00000032114
532,ENSMUST00000033489
533,ENSMUST00000036493
534,ENSMUST00000001109
535,ENSMUST00000020361
536,ENSMUST00000033609
537,ENSMUST00000014457
538,ENSMUST00000001327
539,ENSMUST00000027252
540,ENSMUST00000032809
541,ENSMUST00000036381
542,ENSMUST00000047951
543,ENSMUST00000035242
544,ENSMUST00000005041
545,ENSMUST00000030675
546,ENSMUST00000020163
547,ENSMUST00000035861
548,ENSMUST00000037941
549,ENSMUST00000010974
550,ENSMUST00000056937
551,ENSMUST00000039631
552,ENSMUST00000037023
553,ENSMUST00000038893
554,ENSMUST00000005600
555,ENSMUST00000058578
556,ENSMUST00000001920
557,ENSMUST00000035604
558,ENSMUST00000035606
559,ENSMUST00000019726
560,ENSMUST00000024627
561,ENSMUST00000032485
562,ENSMUST00000058370
563,ENSMUST00000008826
564,ENSMUST00000002452
565,ENSMUST00000005620
566,ENSMUST00000002699
567,ENSMUST00000005164
568,ENSMUST00000028250
569,ENSMUST00000036126
570,ENSMUST00000009791
571,ENSMUST00000038658
572,ENSMUST00000035283
573,ENSMUST00000001818
574,ENSMUST00000005829
575,ENSMUST00000005826
576,ENSMUST00000007993
577,ENSMUST00000025918
578,ENSMUST00000025668
579,ENSMUST00000002855
580,ENSMUST00000035043
581,ENSMUST00000002677
582,ENSMUST00000018905
583,ENSMUST00000059802
584,ENSMUST00000038096
585,ENSMUST00000025912
586,ENSMUST00000025667
587,ENSMUST00000028635
588,ENSMUST00000025264
589,ENSMUST00000015680
590,ENSMUST00000021018
591,ENSMUST00000028279
592,ENSMUST00000029199
593,ENSMUST00000024840
594,ENSMUST00000024846
595,ENSMUST00000025864
596,ENSMUST00000038474
597,ENSMUST00000025867
598,ENSMUST00000038383
599,ENSMUST00000037739
600,ENSMUST00000001204
601,ENSMUST00000025007
602,ENSMUST00000003416
603,ENSMUST00000002839
604,ENSMUST00000029129
605,ENSMUST00000028740
606,ENSMUST00000029698
607,ENSMUST00000003079
608,ENSMUST00000029120
609,ENSMUST00000025462
610,ENSMUST00000025463
611,ENSMUST00000029125
612,ENSMUST00000029696
613,ENSMUST00000029126
614,ENSMUST00000068004
615,ENSMUST00000047040
616,ENSMUST00000025483
617,ENSMUST00000030501
618,ENSMUST00000056665
619,ENSMUST00000016680
620,ENSMUST00000006754
621,ENSMUST00000015950
622,ENSMUST00000043815
623,ENSMUST00000025711
624,ENSMUST00000026168
625,ENSMUST00000026169
626,ENSMUST00000025714
627,ENSMUST00000043812
628,ENSMUST00000022115
629,ENSMUST00000042498
630,ENSMUST00000022060
631,ENSMUST00000022063
632,ENSMUST00000022062
633,ENSMUST00000042493
634,ENSMUST00000026013
635,ENSMUST00000031740
636,ENSMUST00000042497
637,ENSMUST00000026016
638,ENSMUST00000034400
639,ENSMUST00000023867
640,ENSMUST00000038075
641,ENSMUST00000022593
642,ENSMUST00000025932
643,ENSMUST00000022599
644,ENSMUST00000027846
645,ENSMUST00000019199
646,ENSMUST00000019198
647,ENSMUST00000027769
648,ENSMUST00000027768
649,ENSMUST00000006915
650,ENSMUST00000026900
651,ENSMUST00000023882
652,ENSMUST00000028398
653,ENSMUST00000043722
654,ENSMUST00000034717
655,ENSMUST00000023226
656,ENSMUST00000034713
657,ENSMUST00000025290
658,ENSMUST00000022281
659,ENSMUST00000022282
660,ENSMUST00000034405
661,ENSMUST00000034406
662,ENSMUST00000016977
663,ENSMUST00000030348
664,ENSMUST00000034391
665,ENSMUST00000034392
666,ENSMUST00000030432
667,ENSMUST00000034396
668,ENSMUST00000030340
669,ENSMUST00000019283
670,ENSMUST00000020529
671,ENSMUST00000019287
672,ENSMUST00000022842
673,ENSMUST00000042509
674,ENSMUST00000023535
675,ENSMUST00000022849
676,ENSMUST00000000199
677,ENSMUST00000034370
678,ENSMUST00000034377
679,ENSMUST00000049503
680,ENSMUST00000027505
681,ENSMUST00000028650
682,ENSMUST00000040603
683,ENSMUST00000041362
684,ENSMUST00000030345
685,ENSMUST00000020999
686,ENSMUST00000027502
687,ENSMUST00000000756
688,ENSMUST00000031637
689,ENSMUST00000030726
690,ENSMUST00000044148
691,ENSMUST00000027989
692,ENSMUST00000006467
693,ENSMUST00000018572
694,ENSMUST00000018577
695,ENSMUST00000027986
696,ENSMUST00000023405
697,ENSMUST00000023407
698,ENSMUST00000027189
699,ENSMUST00000020755
700,ENSMUST00000006462
701,ENSMUST00000033290
702,ENSMUST00000027432
703,ENSMUST00000042054
704,ENSMUST00000020197
705,ENSMUST00000027438
706,ENSMUST00000041640
707,ENSMUST00000041732
708,ENSMUST00000060642
709,ENSMUST00000026743
710,ENSMUST00000014913
711,ENSMUST00000040421
712,ENSMUST00000033157
713,ENSMUST00000009321
714,ENSMUST00000001148
715,ENSMUST00000021572
716,ENSMUST00000027232
717,ENSMUST00000039729
718,ENSMUST00000021574
719,ENSMUST00000033075
720,ENSMUST00000050149
721,ENSMUST00000020286
722,ENSMUST00000020285
723,ENSMUST00000041466
724,ENSMUST00000021803
725,ENSMUST00000020289
726,ENSMUST00000021806
727,ENSMUST00000021807
728,ENSMUST00000066889
729,ENSMUST00000033450
730,ENSMUST00000032105
731,ENSMUST00000036153
732,ENSMUST00000014684
733,ENSMUST00000023714
734,ENSMUST00000013807
735,ENSMUST00000004470
736,ENSMUST00000000727
737,ENSMUST00000033695
738,ENSMUST00000031366
739,ENSMUST00000021719
740,ENSMUST00000033673
741,ENSMUST00000033671
742,ENSMUST00000001480
743,ENSMUST00000033159
744,ENSMUST00000023085
745,ENSMUST00000023086
746,ENSMUST00000004054
747,ENSMUST00000046497
748,ENSMUST00000004508
749,ENSMUST00000027111
750,ENSMUST00000047947
751,ENSMUST00000032078
752,ENSMUST00000004507
753,ENSMUST00000001002
754,ENSMUST00000030931
755,ENSMUST00000005053
756,ENSMUST00000005051
757,ENSMUST00000005057
758,ENSMUST00000020174
759,ENSMUST00000021486
760,ENSMUST00000049658
761,ENSMUST00000026585
762,ENSMUST00000009256
763,ENSMUST00000033700
764,ENSMUST00000021157
765,ENSMUST00000021158
766,ENSMUST00000009789
767,ENSMUST00000038719
768,ENSMUST00000039620
769,ENSMUST00000038863
770,ENSMUST00000032492
771,ENSMUST00000038867
772,ENSMUST00000008812
773,ENSMUST00000035925
774,ENSMUST00000053664
775,ENSMUST00000024056
776,ENSMUST00000048914
777,ENSMUST00000003445
778,ENSMUST00000021399
779,ENSMUST00000028241
780,ENSMUST00000028536
781,ENSMUST00000017365
782,ENSMUST00000008179
783,ENSMUST00000005830
784,ENSMUST00000007980
785,ENSMUST00000025679
786,ENSMUST00000002844
787,ENSMUST00000000759
788,ENSMUST00000028517
789,ENSMUST00000025904
790,ENSMUST00000025675
791,ENSMUST00000059836
792,ENSMUST00000023213
793,ENSMUST00000035635
794,ENSMUST00000028332
795,ENSMUST00000039165
796,ENSMUST00000029752
797,ENSMUST00000029753
798,ENSMUST00000003642
799,ENSMUST00000003645
800,ENSMUST00000009679
801,ENSMUST00000024873
802,ENSMUST00000031355
803,ENSMUST00000019974
804,ENSMUST00000027981
805,ENSMUST00000038446
806,ENSMUST00000018274
807,ENSMUST00000025014
808,ENSMUST00000006692
809,ENSMUST00000002064
810,ENSMUST00000028755
811,ENSMUST00000025476
812,ENSMUST00000025474
813,ENSMUST00000025472
814,ENSMUST00000017920
815,ENSMUST00000022614
816,ENSMUST00000022612
817,ENSMUST00000042390
818,ENSMUST00000019577
819,ENSMUST00000019576
820,ENSMUST00000042399
821,ENSMUST00000004343
822,ENSMUST00000030538
823,ENSMUST00000008036
824,ENSMUST00000019615
825,ENSMUST00000029999
826,ENSMUST00000006764
827,ENSMUST00000025707
828,ENSMUST00000043531
829,ENSMUST00000022121
830,ENSMUST00000043627
831,ENSMUST00000007747
832,ENSMUST00000031288
833,ENSMUST00000029574
834,ENSMUST00000029575
835,ENSMUST00000034973
836,ENSMUST00000048128
837,ENSMUST00000029374
838,ENSMUST00000029376
839,ENSMUST00000018716
840,ENSMUST00000018711
841,ENSMUST00000068697
842,ENSMUST00000066052
843,ENSMUST00000022543
844,ENSMUST00000023238
845,ENSMUST00000043757
846,ENSMUST00000020756
847,ENSMUST00000027752
848,ENSMUST00000026173
849,ENSMUST00000000505
850,ENSMUST00000034414
851,ENSMUST00000034303
852,ENSMUST00000029085
853,ENSMUST00000018625
854,ENSMUST00000030404
855,ENSMUST00000030400
856,ENSMUST00000030401
857,ENSMUST00000005810
858,ENSMUST00000029803
859,ENSMUST00000029806
860,ENSMUST00000029804
861,ENSMUST00000029805
862,ENSMUST00000026599
863,ENSMUST00000023525
864,ENSMUST00000023524
865,ENSMUST00000015434
866,ENSMUST00000015435
867,ENSMUST00000030398
868,ENSMUST00000037141
869,ENSMUST00000015433
870,ENSMUST00000034703
871,ENSMUST00000031628
872,ENSMUST00000034707
873,ENSMUST00000031621
874,ENSMUST00000031627
875,ENSMUST00000044158
876,ENSMUST00000031625
877,ENSMUST00000018568
878,ENSMUST00000018561
879,ENSMUST00000005714
880,ENSMUST00000020769
881,ENSMUST00000031862
882,ENSMUST00000023146
883,ENSMUST00000034966
884,ENSMUST00000048139
885,ENSMUST00000041659
886,ENSMUST00000015501
887,ENSMUST00000010550
888,ENSMUST00000027401
889,ENSMUST00000040254
890,ENSMUST00000033280
891,ENSMUST00000015509
892,ENSMUST00000010007
893,ENSMUST00000033289
894,ENSMUST00000034567
895,ENSMUST00000030665
896,ENSMUST00000041726
897,ENSMUST00000027534
898,ENSMUST00000037270
899,ENSMUST00000034560
900,ENSMUST00000030882
901,ENSMUST00000030884
902,ENSMUST00000040381
903,ENSMUST00000040383
904,ENSMUST00000022462
905,ENSMUST00000019382
906,ENSMUST00000022945
907,ENSMUST00000040416
908,ENSMUST00000027247
909,ENSMUST00000037035
910,ENSMUST00000021368
911,ENSMUST00000018383
912,ENSMUST00000021963
913,ENSMUST00000014698
914,ENSMUST00000023709
915,ENSMUST00000018143
916,ENSMUST00000008445
917,ENSMUST00000001127
918,ENSMUST00000001125
919,ENSMUST00000023707
920,ENSMUST00000026328
921,ENSMUST00000045281
922,ENSMUST00000062677
923,ENSMUST00000020382
924,ENSMUST00000004990
925,ENSMUST00000033662
926,ENSMUST00000057792
927,ENSMUST00000032715
928,ENSMUST00000036033
929,ENSMUST00000029444
930,ENSMUST00000041388
931,ENSMUST00000032824
932,ENSMUST00000016315
933,ENSMUST00000004681
934,ENSMUST00000039894
935,ENSMUST00000004684
936,ENSMUST00000032398
937,ENSMUST00000001845
938,ENSMUST00000007482
939,ENSMUST00000006911
940,ENSMUST00000021632
941,ENSMUST00000033715
942,ENSMUST00000021634
943,ENSMUST00000033717
944,ENSMUST00000032629
945,ENSMUST00000021639
946,ENSMUST00000032627
947,ENSMUST00000001780
948,ENSMUST00000019965
949,ENSMUST00000035094
950,ENSMUST00000034411
951,ENSMUST00000038709
952,ENSMUST00000038705
953,ENSMUST00000022784
954,ENSMUST00000005487
955,ENSMUST00000024042
956,ENSMUST00000005336
957,ENSMUST00000024047
958,ENSMUST00000021381
959,ENSMUST00000037399
960,ENSMUST00000028509
961,ENSMUST00000035934
962,ENSMUST00000035222
963,ENSMUST00000002655
964,ENSMUST00000038671
965,ENSMUST00000038677
966,ENSMUST00000025649
967,ENSMUST00000038675
968,ENSMUST00000002303
969,ENSMUST00000025394
970,ENSMUST00000025393
971,ENSMUST00000025642
972,ENSMUST00000021379
973,ENSMUST00000028610
974,ENSMUST00000028347
975,ENSMUST00000021039
976,ENSMUST00000028342
977,ENSMUST00000028341
978,ENSMUST00000029741
979,ENSMUST00000028619
980,ENSMUST00000021030
981,ENSMUST00000071812
982,ENSMUST00000036852
983,ENSMUST00000024869
984,ENSMUST00000035157
985,ENSMUST00000067298
986,ENSMUST00000018816
987,ENSMUST00000025804
988,ENSMUST00000025802
989,ENSMUST00000036025
990,ENSMUST00000042726
991,ENSMUST00000042235
992,ENSMUST00000021800
993,ENSMUST00000042658
994,ENSMUST00000028607
995,ENSMUST00000049382
996,ENSMUST00000002090
997,ENSMUST00000002091
998,ENSMUST00000028768
999,ENSMUST00000042657
0,ENSMUST00000027213
1,ENSMUST00000045142
2,ENSMUST00000113400
3,ENSMUST00000021595
4,ENSMUST00000009344
5,ENSMUST00000072836
6,ENSMUST00000036554
7,ENSMUST00000033501
8,ENSMUST00000085519
9,ENSMUST00000041403
10,ENSMUST00000033509
11,ENSMUST00000057692
12,ENSMUST00000001042
13,ENSMUST00000032057
14,ENSMUST00000032124
15,ENSMUST00000103217
16,ENSMUST00000070923
17,ENSMUST00000103212
18,ENSMUST00000103213
19,ENSMUST00000014339
20,ENSMUST00000033182
21,ENSMUST00000001116
22,ENSMUST00000080449
23,ENSMUST00000090247
24,ENSMUST00000001046
25,ENSMUST00000048615
26,ENSMUST00000058033
27,ENSMUST00000031654
28,ENSMUST00000032909
29,ENSMUST00000058030
30,ENSMUST00000084852
31,ENSMUST00000048578
32,ENSMUST00000063719
33,ENSMUST00000028469
34,ENSMUST00000014445
35,ENSMUST00000032279
36,ENSMUST00000001339
37,ENSMUST00000094331
38,ENSMUST00000017831
39,ENSMUST00000001620
40,ENSMUST00000004072
41,ENSMUST00000032879
42,ENSMUST00000038388
43,ENSMUST00000077353
44,ENSMUST00000033749
45,ENSMUST00000001757
46,ENSMUST00000035037
47,ENSMUST00000056904
48,ENSMUST00000056907
49,ENSMUST00000065504
50,ENSMUST00000020359
51,ENSMUST00000072079
52,ENSMUST00000081104
53,ENSMUST00000048807
54,ENSMUST00000095087
55,ENSMUST00000048774
56,ENSMUST00000095083
57,ENSMUST00000028795
58,ENSMUST00000036951
59,ENSMUST00000036952
60,ENSMUST00000046389
61,ENSMUST00000099329
62,ENSMUST00000105267
63,ENSMUST00000029699
64,ENSMUST00000094203
65,ENSMUST00000032477
66,ENSMUST00000002599
67,ENSMUST00000005292
68,ENSMUST00000032473
69,ENSMUST00000098230
70,ENSMUST00000006254
71,ENSMUST00000079791
72,ENSMUST00000109097
73,ENSMUST00000035612
74,ENSMUST00000053266
75,ENSMUST00000053265
76,ENSMUST00000023238
77,ENSMUST00000057525
78,ENSMUST00000002133
79,ENSMUST00000036437
80,ENSMUST00000077175
81,ENSMUST00000005233
82,ENSMUST00000109384
83,ENSMUST00000035276
84,ENSMUST00000046144
85,ENSMUST00000063661
86,ENSMUST00000084219
87,ENSMUST00000084214
88,ENSMUST00000021170
89,ENSMUST00000102578
90,ENSMUST00000001806
91,ENSMUST00000047144
92,ENSMUST00000001801
93,ENSMUST00000035295
94,ENSMUST00000071230
95,ENSMUST00000088194
96,ENSMUST00000038644
97,ENSMUST00000006181
98,ENSMUST00000003268
99,ENSMUST00000035053
100,ENSMUST00000002048
101,ENSMUST00000002825
102,ENSMUST00000035725
103,ENSMUST00000091354
104,ENSMUST00000024987
105,ENSMUST00000024981
106,ENSMUST00000002043
107,ENSMUST00000072896
108,ENSMUST00000019441
109,ENSMUST00000096239
110,ENSMUST00000052602
111,ENSMUST00000028640
112,ENSMUST00000028314
113,ENSMUST00000021001
114,ENSMUST00000025217
115,ENSMUST00000025218
116,ENSMUST00000042281
117,ENSMUST00000003669
118,ENSMUST00000075689
119,ENSMUST00000021669
120,ENSMUST00000024851
121,ENSMUST00000038398
122,ENSMUST00000035121
123,ENSMUST00000002911
124,ENSMUST00000025851
125,ENSMUST00000061829
126,ENSMUST00000025853
127,ENSMUST00000038228
128,ENSMUST00000115374
129,ENSMUST00000016781
130,ENSMUST00000075686
131,ENSMUST00000102852
132,ENSMUST00000025073
133,ENSMUST00000012440
134,ENSMUST00000059642
135,ENSMUST00000029684
136,ENSMUST00000025106
137,ENSMUST00000042601
138,ENSMUST00000006035
139,ENSMUST00000025453
140,ENSMUST00000006037
141,ENSMUST00000071204
142,ENSMUST00000025109
143,ENSMUST00000103132
144,ENSMUST00000063091
145,ENSMUST00000058735
146,ENSMUST00000031029
147,ENSMUST00000047037
148,ENSMUST00000047036
149,ENSMUST00000017548
150,ENSMUST00000006614
151,ENSMUST00000021698
152,ENSMUST00000118539
153,ENSMUST00000019631
154,ENSMUST00000030518
155,ENSMUST00000026537
156,ENSMUST00000081619
157,ENSMUST00000003310
158,ENSMUST00000090006
159,ENSMUST00000077915
160,ENSMUST00000026151
161,ENSMUST00000068725
162,ENSMUST00000003319
163,ENSMUST00000089027
164,ENSMUST00000089024
165,ENSMUST00000031190
166,ENSMUST00000031779
167,ENSMUST00000025484
168,ENSMUST00000029358
169,ENSMUST00000031805
170,ENSMUST00000063380
171,ENSMUST00000029353
172,ENSMUST00000089119
173,ENSMUST00000030286
174,ENSMUST00000054471
175,ENSMUST00000007296
176,ENSMUST00000022580
177,ENSMUST00000064377
178,ENSMUST00000102981
179,ENSMUST00000092995
180,ENSMUST00000023851
181,ENSMUST00000029915
182,ENSMUST00000097343
183,ENSMUST00000029912
184,ENSMUST00000004955
185,ENSMUST00000095063
186,ENSMUST00000064391
187,ENSMUST00000043735
188,ENSMUST00000023217
189,ENSMUST00000040967
190,ENSMUST00000048371
191,ENSMUST00000023210
192,ENSMUST00000031597
193,ENSMUST00000000985
194,ENSMUST00000031598
195,ENSMUST00000034097
196,ENSMUST00000027777
197,ENSMUST00000096987
198,ENSMUST00000034094
199,ENSMUST00000008537
200,ENSMUST00000031971
201,ENSMUST00000034432
202,ENSMUST00000046955
203,ENSMUST00000101087
204,ENSMUST00000031978
205,ENSMUST00000015892
206,ENSMUST00000026976
207,ENSMUST00000026975
208,ENSMUST00000015891
209,ENSMUST00000115151
210,ENSMUST00000094695
211,ENSMUST00000042953
212,ENSMUST00000020341
213,ENSMUST00000060474
214,ENSMUST00000030427
215,ENSMUST00000030357
216,ENSMUST00000040783
217,ENSMUST00000022855
218,ENSMUST00000022856
219,ENSMUST00000089245
220,ENSMUST00000027687
221,ENSMUST00000027684
222,ENSMUST00000087342
223,ENSMUST00000000348
224,ENSMUST00000023507
225,ENSMUST00000026577
226,ENSMUST00000020637
227,ENSMUST00000020634
228,ENSMUST00000032508
229,ENSMUST00000026572
230,ENSMUST00000020630
231,ENSMUST00000069747
232,ENSMUST00000121334
233,ENSMUST00000034541
234,ENSMUST00000081650
235,ENSMUST00000034543
236,ENSMUST00000049519
237,ENSMUST00000027178
238,ENSMUST00000026480
239,ENSMUST00000068387
240,ENSMUST00000026485
241,ENSMUST00000065537
242,ENSMUST00000030734
243,ENSMUST00000027173
244,ENSMUST00000023189
245,ENSMUST00000060010
246,ENSMUST00000030731
247,ENSMUST00000055303
248,ENSMUST00000066330
249,ENSMUST00000108182
250,ENSMUST00000061019
251,ENSMUST00000028995
252,ENSMUST00000027193
253,ENSMUST00000107353
254,ENSMUST00000020749
255,ENSMUST00000034947
256,ENSMUST00000034946
257,ENSMUST00000027198
258,ENSMUST00000020741
259,ENSMUST00000049424
260,ENSMUST00000045557
261,ENSMUST00000027421
262,ENSMUST00000027358
263,ENSMUST00000046972
264,ENSMUST00000046603
265,ENSMUST00000052509
266,ENSMUST00000054960
267,ENSMUST00000030642
268,ENSMUST00000106199
269,ENSMUST00000033999
270,ENSMUST00000030288
271,ENSMUST00000030644
272,ENSMUST00000032461
273,ENSMUST00000033992
274,ENSMUST00000033990
275,ENSMUST00000033995
276,ENSMUST00000014922
277,ENSMUST00000022925
278,ENSMUST00000019362
279,ENSMUST00000022927
280,ENSMUST00000070642
281,ENSMUST00000043551
282,ENSMUST00000073116
283,ENSMUST00000048116
284,ENSMUST00000023431
285,ENSMUST00000023432
286,ENSMUST00000045174
287,ENSMUST00000037383
288,ENSMUST00000040430
289,ENSMUST00000030164
290,ENSMUST00000040434
291,ENSMUST00000108222
292,ENSMUST00000050970
293,ENSMUST00000035985
294,ENSMUST00000021345
295,ENSMUST00000033040
296,ENSMUST00000021347
297,ENSMUST00000041418
298,ENSMUST00000033513
299,ENSMUST00000106775
300,ENSMUST00000063414
301,ENSMUST00000032065
302,ENSMUST00000032060
303,ENSMUST00000035988
304,ENSMUST00000022222
305,ENSMUST00000021559
306,ENSMUST00000067567
307,ENSMUST00000029815
308,ENSMUST00000050575
309,ENSMUST00000036161
310,ENSMUST00000027312
311,ENSMUST00000032114
312,ENSMUST00000103205
313,ENSMUST00000033489
314,ENSMUST00000050083
315,ENSMUST00000036493
316,ENSMUST00000038075
317,ENSMUST00000001109
318,ENSMUST00000096751
319,ENSMUST00000096753
320,ENSMUST00000020361
321,ENSMUST00000033609
322,ENSMUST00000047558
323,ENSMUST00000014457
324,ENSMUST00000059983
325,ENSMUST00000072735
326,ENSMUST00000002979
327,ENSMUST00000058351
328,ENSMUST00000093923
329,ENSMUST00000059080
330,ENSMUST00000001327
331,ENSMUST00000027252
332,ENSMUST00000109554
333,ENSMUST00000046558
334,ENSMUST00000032809
335,ENSMUST00000036381
336,ENSMUST00000047951
337,ENSMUST00000096639
338,ENSMUST00000077367
339,ENSMUST00000005041
340,ENSMUST00000030675
341,ENSMUST00000020163
342,ENSMUST00000058754
343,ENSMUST00000035861
344,ENSMUST00000037941
345,ENSMUST00000114575
346,ENSMUST00000097590
347,ENSMUST00000010974
348,ENSMUST00000056937
349,ENSMUST00000046399
350,ENSMUST00000101206
351,ENSMUST00000021412
352,ENSMUST00000049343
353,ENSMUST00000039631
354,ENSMUST00000037023
355,ENSMUST00000055389
356,ENSMUST00000038893
357,ENSMUST00000048962
358,ENSMUST00000058578
359,ENSMUST00000001920
360,ENSMUST00000035604
361,ENSMUST00000035606
362,ENSMUST00000077548
363,ENSMUST00000024627
364,ENSMUST00000032485
365,ENSMUST00000058370
366,ENSMUST00000102646
367,ENSMUST00000008826
368,ENSMUST00000002452
369,ENSMUST00000033012
370,ENSMUST00000071876
371,ENSMUST00000005620
372,ENSMUST00000075447
373,ENSMUST00000045607
374,ENSMUST00000045604
375,ENSMUST00000028250
376,ENSMUST00000024260
377,ENSMUST00000036126
378,ENSMUST00000046157
379,ENSMUST00000009791
380,ENSMUST00000102938
381,ENSMUST00000038658
382,ENSMUST00000035283
383,ENSMUST00000001818
384,ENSMUST00000100134
385,ENSMUST00000080356
386,ENSMUST00000005829
387,ENSMUST00000005826
388,ENSMUST00000067384
389,ENSMUST00000038709
390,ENSMUST00000025918
391,ENSMUST00000025668
392,ENSMUST00000002855
393,ENSMUST00000035043
394,ENSMUST00000002677
395,ENSMUST00000018905
396,ENSMUST00000078308
397,ENSMUST00000038096
398,ENSMUST00000025912
399,ENSMUST00000025667
400,ENSMUST00000072334
401,ENSMUST00000037099
402,ENSMUST00000091299
403,ENSMUST00000096249
404,ENSMUST00000096246
405,ENSMUST00000028635
406,ENSMUST00000096240
407,ENSMUST00000096241
408,ENSMUST00000070215
409,ENSMUST00000025264
410,ENSMUST00000015680
411,ENSMUST00000021018
412,ENSMUST00000003720
413,ENSMUST00000078878
414,ENSMUST00000029199
415,ENSMUST00000024840
416,ENSMUST00000054908
417,ENSMUST00000040514
418,ENSMUST00000098574
419,ENSMUST00000024846
420,ENSMUST00000025864
421,ENSMUST00000038474
422,ENSMUST00000025867
423,ENSMUST00000070210
424,ENSMUST00000038383
425,ENSMUST00000047621
426,ENSMUST00000037739
427,ENSMUST00000001204
428,ENSMUST00000025007
429,ENSMUST00000076431
430,ENSMUST00000003416
431,ENSMUST00000002839
432,ENSMUST00000029129
433,ENSMUST00000028740
434,ENSMUST00000029698
435,ENSMUST00000003079
436,ENSMUST00000085585
437,ENSMUST00000117702
438,ENSMUST00000025462
439,ENSMUST00000025463
440,ENSMUST00000029125
441,ENSMUST00000029696
442,ENSMUST00000029126
443,ENSMUST00000068004
444,ENSMUST00000093552
445,ENSMUST00000044795
446,ENSMUST00000022573
447,ENSMUST00000085555
448,ENSMUST00000057829
449,ENSMUST00000047040
450,ENSMUST00000025483
451,ENSMUST00000002837
452,ENSMUST00000030501
453,ENSMUST00000056665
454,ENSMUST00000016680
455,ENSMUST00000006754
456,ENSMUST00000015950
457,ENSMUST00000043815
458,ENSMUST00000118501
459,ENSMUST00000025711
460,ENSMUST00000026168
461,ENSMUST00000026169
462,ENSMUST00000025714
463,ENSMUST00000078050
464,ENSMUST00000111605
465,ENSMUST00000071699
466,ENSMUST00000022115
467,ENSMUST00000042498
468,ENSMUST00000022060
469,ENSMUST00000022063
470,ENSMUST00000022062
471,ENSMUST00000042493
472,ENSMUST00000026013
473,ENSMUST00000031740
474,ENSMUST00000042497
475,ENSMUST00000026016
476,ENSMUST00000093454
477,ENSMUST00000034400
478,ENSMUST00000023867
479,ENSMUST00000108112
480,ENSMUST00000081333
481,ENSMUST00000022593
482,ENSMUST00000025932
483,ENSMUST00000022599
484,ENSMUST00000027846
485,ENSMUST00000081339
486,ENSMUST00000016138
487,ENSMUST00000102645
488,ENSMUST00000019199
489,ENSMUST00000019198
490,ENSMUST00000099980
491,ENSMUST00000027769
492,ENSMUST00000027768
493,ENSMUST00000068825
494,ENSMUST00000025246
495,ENSMUST00000006915
496,ENSMUST00000026900
497,ENSMUST00000023882
498,ENSMUST00000028398
499,ENSMUST00000043722
500,ENSMUST00000034717
501,ENSMUST00000023226
502,ENSMUST00000034713
503,ENSMUST00000025290
504,ENSMUST00000014642
505,ENSMUST00000034012
506,ENSMUST00000022281
507,ENSMUST00000094215
508,ENSMUST00000022282
509,ENSMUST00000034405
510,ENSMUST00000034406
511,ENSMUST00000016977
512,ENSMUST00000102880
513,ENSMUST00000102886
514,ENSMUST00000030348
515,ENSMUST00000065630
516,ENSMUST00000034392
517,ENSMUST00000030432
518,ENSMUST00000034396
519,ENSMUST00000030340
520,ENSMUST00000019283
521,ENSMUST00000055935
522,ENSMUST00000101426
523,ENSMUST00000019287
524,ENSMUST00000022842
525,ENSMUST00000102509
526,ENSMUST00000024884
527,ENSMUST00000023535
528,ENSMUST00000064924
529,ENSMUST00000064922
530,ENSMUST00000022849
531,ENSMUST00000102500
532,ENSMUST00000000199
533,ENSMUST00000034370
534,ENSMUST00000044567
535,ENSMUST00000034377
536,ENSMUST00000049503
537,ENSMUST00000074144
538,ENSMUST00000027505
539,ENSMUST00000028650
540,ENSMUST00000040603
541,ENSMUST00000021306
542,ENSMUST00000106613
543,ENSMUST00000030345
544,ENSMUST00000020999
545,ENSMUST00000027502
546,ENSMUST00000000756
547,ENSMUST00000102889
548,ENSMUST00000063694
549,ENSMUST00000030726
550,ENSMUST00000044148
551,ENSMUST00000027989
552,ENSMUST00000006467
553,ENSMUST00000043368
554,ENSMUST00000075845
555,ENSMUST00000087582
556,ENSMUST00000018572
557,ENSMUST00000055262
558,ENSMUST00000018577
559,ENSMUST00000054220
560,ENSMUST00000027986
561,ENSMUST00000014499
562,ENSMUST00000111802
563,ENSMUST00000023405
564,ENSMUST00000023407
565,ENSMUST00000027189
566,ENSMUST00000072767
567,ENSMUST00000020755
568,ENSMUST00000028981
569,ENSMUST00000045388
570,ENSMUST00000033290
571,ENSMUST00000027432
572,ENSMUST00000042054
573,ENSMUST00000066352
574,ENSMUST00000020197
575,ENSMUST00000046945
576,ENSMUST00000041640
577,ENSMUST00000042055
578,ENSMUST00000086112
579,ENSMUST00000001460
580,ENSMUST00000051301
581,ENSMUST00000029447
582,ENSMUST00000041732
583,ENSMUST00000060642
584,ENSMUST00000001715
585,ENSMUST00000088345
586,ENSMUST00000026743
587,ENSMUST00000009099
588,ENSMUST00000109594
589,ENSMUST00000076949
590,ENSMUST00000014913
591,ENSMUST00000102960
592,ENSMUST00000073471
593,ENSMUST00000029256
594,ENSMUST00000040421
595,ENSMUST00000021785
596,ENSMUST00000009321
597,ENSMUST00000001148
598,ENSMUST00000021572
599,ENSMUST00000027232
600,ENSMUST00000039729
601,ENSMUST00000021574
602,ENSMUST00000033075
603,ENSMUST00000046704
604,ENSMUST00000106763
605,ENSMUST00000034785
606,ENSMUST00000020285
607,ENSMUST00000067005
608,ENSMUST00000041466
609,ENSMUST00000021803
610,ENSMUST00000020289
611,ENSMUST00000081933
612,ENSMUST00000021806
613,ENSMUST00000021807
614,ENSMUST00000098937
615,ENSMUST00000066889
616,ENSMUST00000066888
617,ENSMUST00000050561
618,ENSMUST00000033450
619,ENSMUST00000066882
620,ENSMUST00000032105
621,ENSMUST00000036153
622,ENSMUST00000014684
623,ENSMUST00000005600
624,ENSMUST00000023714
625,ENSMUST00000076896
626,ENSMUST00000013807
627,ENSMUST00000072018
628,ENSMUST00000004470
629,ENSMUST00000076635
630,ENSMUST00000000727
631,ENSMUST00000033695
632,ENSMUST00000028892
633,ENSMUST00000091466
634,ENSMUST00000056177
635,ENSMUST00000021719
636,ENSMUST00000103193
637,ENSMUST00000046011
638,ENSMUST00000033673
639,ENSMUST00000001412
640,ENSMUST00000001480
641,ENSMUST00000075853
642,ENSMUST00000084170
643,ENSMUST00000033159
644,ENSMUST00000026243
645,ENSMUST00000023085
646,ENSMUST00000066379
647,ENSMUST00000053063
648,ENSMUST00000084519
649,ENSMUST00000105847
650,ENSMUST00000023086
651,ENSMUST00000105845
652,ENSMUST00000109563
653,ENSMUST00000004054
654,ENSMUST00000046497
655,ENSMUST00000004508
656,ENSMUST00000034270
657,ENSMUST00000058183
658,ENSMUST00000098814
659,ENSMUST00000047947
660,ENSMUST00000066774
661,ENSMUST00000032078
662,ENSMUST00000004507
663,ENSMUST00000001002
664,ENSMUST00000030931
665,ENSMUST00000005053
666,ENSMUST00000105994
667,ENSMUST00000005051
668,ENSMUST00000058746
669,ENSMUST00000005057
670,ENSMUST00000020174
671,ENSMUST00000091188
672,ENSMUST00000021486
673,ENSMUST00000049658
674,ENSMUST00000026585
675,ENSMUST00000073094
676,ENSMUST00000009256
677,ENSMUST00000033700
678,ENSMUST00000087566
679,ENSMUST00000090973
680,ENSMUST00000060433
681,ENSMUST00000021158
682,ENSMUST00000009789
683,ENSMUST00000084949
684,ENSMUST00000038719
685,ENSMUST00000031637
686,ENSMUST00000047721
687,ENSMUST00000058162
688,ENSMUST00000034303
689,ENSMUST00000032492
690,ENSMUST00000038867
691,ENSMUST00000099349
692,ENSMUST00000072607
693,ENSMUST00000008812
694,ENSMUST00000059768
695,ENSMUST00000035925
696,ENSMUST00000079314
697,ENSMUST00000024056
698,ENSMUST00000079644
699,ENSMUST00000048915
700,ENSMUST00000048914
701,ENSMUST00000003445
702,ENSMUST00000039881
703,ENSMUST00000117396
704,ENSMUST00000042399
705,ENSMUST00000117399
706,ENSMUST00000021399
707,ENSMUST00000046122
708,ENSMUST00000028241
709,ENSMUST00000028536
710,ENSMUST00000021114
711,ENSMUST00000049245
712,ENSMUST00000049242
713,ENSMUST00000006137
714,ENSMUST00000071329
715,ENSMUST00000005830
716,ENSMUST00000108988
717,ENSMUST00000025679
718,ENSMUST00000002844
719,ENSMUST00000000759
720,ENSMUST00000104958
721,ENSMUST00000052290
722,ENSMUST00000052135
723,ENSMUST00000025904
724,ENSMUST00000025675
725,ENSMUST00000059836
726,ENSMUST00000090481
727,ENSMUST00000023213
728,ENSMUST00000061143
729,ENSMUST00000035635
730,ENSMUST00000096255
731,ENSMUST00000096251
732,ENSMUST00000028332
733,ENSMUST00000019726
734,ENSMUST00000063117
735,ENSMUST00000035113
736,ENSMUST00000039165
737,ENSMUST00000029752
738,ENSMUST00000029753
739,ENSMUST00000003642
740,ENSMUST00000071825
741,ENSMUST00000003645
742,ENSMUST00000009679
743,ENSMUST00000054384
744,ENSMUST00000067284
745,ENSMUST00000110262
746,ENSMUST00000056078
747,ENSMUST00000024873
748,ENSMUST00000074552
749,ENSMUST00000028694
750,ENSMUST00000031355
751,ENSMUST00000036991
752,ENSMUST00000027981
753,ENSMUST00000052550
754,ENSMUST00000090214
755,ENSMUST00000038446
756,ENSMUST00000018274
757,ENSMUST00000025014
758,ENSMUST00000090398
759,ENSMUST00000102874
760,ENSMUST00000006692
761,ENSMUST00000028004
762,ENSMUST00000002064
763,ENSMUST00000028755
764,ENSMUST00000025476
765,ENSMUST00000020538
766,ENSMUST00000025474
767,ENSMUST00000025472
768,ENSMUST00000017920
769,ENSMUST00000022614
770,ENSMUST00000022612
771,ENSMUST00000042390
772,ENSMUST00000085546
773,ENSMUST00000068031
774,ENSMUST00000019577
775,ENSMUST00000019576
776,ENSMUST00000080036
777,ENSMUST00000004343
778,ENSMUST00000066650
779,ENSMUST00000030538
780,ENSMUST00000100337
781,ENSMUST00000100335
782,ENSMUST00000017365
783,ENSMUST00000007921
784,ENSMUST00000099173
785,ENSMUST00000008036
786,ENSMUST00000019615
787,ENSMUST00000100339
788,ENSMUST00000074840
789,ENSMUST00000049863
790,ENSMUST00000029999
791,ENSMUST00000006764
792,ENSMUST00000025707
793,ENSMUST00000043531
794,ENSMUST00000071006
795,ENSMUST00000058981
796,ENSMUST00000102476
797,ENSMUST00000043627
798,ENSMUST00000007747
799,ENSMUST00000071642
800,ENSMUST00000031288
801,ENSMUST00000029574
802,ENSMUST00000029575
803,ENSMUST00000034973
804,ENSMUST00000094053
805,ENSMUST00000079693
806,ENSMUST00000048128
807,ENSMUST00000079869
808,ENSMUST00000029376
809,ENSMUST00000018716
810,ENSMUST00000079866
811,ENSMUST00000018711
812,ENSMUST00000100489
813,ENSMUST00000068697
814,ENSMUST00000028728
815,ENSMUST00000077408
816,ENSMUST00000074259
817,ENSMUST00000100484
818,ENSMUST00000066052
819,ENSMUST00000022543
820,ENSMUST00000089645
821,ENSMUST00000023918
822,ENSMUST00000080812
823,ENSMUST00000080813
824,ENSMUST00000043757
825,ENSMUST00000020756
826,ENSMUST00000005798
827,ENSMUST00000027752
828,ENSMUST00000063854
829,ENSMUST00000026173
830,ENSMUST00000000505
831,ENSMUST00000069619
832,ENSMUST00000047028
833,ENSMUST00000020721
834,ENSMUST00000034414
835,ENSMUST00000069345
836,ENSMUST00000060251
837,ENSMUST00000047923
838,ENSMUST00000102597
839,ENSMUST00000029085
840,ENSMUST00000018625
841,ENSMUST00000081497
842,ENSMUST00000030400
843,ENSMUST00000030401
844,ENSMUST00000087315
845,ENSMUST00000005810
846,ENSMUST00000030563
847,ENSMUST00000070064
848,ENSMUST00000029806
849,ENSMUST00000050398
850,ENSMUST00000029804
851,ENSMUST00000029805
852,ENSMUST00000026599
853,ENSMUST00000073025
854,ENSMUST00000023525
855,ENSMUST00000027438
856,ENSMUST00000015434
857,ENSMUST00000015435
858,ENSMUST00000051572
859,ENSMUST00000030398
860,ENSMUST00000037141
861,ENSMUST00000015433
862,ENSMUST00000034703
863,ENSMUST00000031628
864,ENSMUST00000034707
865,ENSMUST00000048781
866,ENSMUST00000064371
867,ENSMUST00000023465
868,ENSMUST00000031621
869,ENSMUST00000045970
870,ENSMUST00000044158
871,ENSMUST00000031625
872,ENSMUST00000018568
873,ENSMUST00000065512
874,ENSMUST00000065515
875,ENSMUST00000018561
876,ENSMUST00000054234
877,ENSMUST00000054237
878,ENSMUST00000055296
879,ENSMUST00000048134
880,ENSMUST00000073466
881,ENSMUST00000031862
882,ENSMUST00000023146
883,ENSMUST00000108813
884,ENSMUST00000022416
885,ENSMUST00000045376
886,ENSMUST00000034966
887,ENSMUST00000048139
888,ENSMUST00000048138
889,ENSMUST00000041659
890,ENSMUST00000015501
891,ENSMUST00000010550
892,ENSMUST00000027401
893,ENSMUST00000040254
894,ENSMUST00000033280
895,ENSMUST00000015509
896,ENSMUST00000088257
897,ENSMUST00000010007
898,ENSMUST00000033289
899,ENSMUST00000081677
900,ENSMUST00000030665
901,ENSMUST00000041726
902,ENSMUST00000027534
903,ENSMUST00000075491
904,ENSMUST00000034560
905,ENSMUST00000094499
906,ENSMUST00000030882
907,ENSMUST00000085375
908,ENSMUST00000030884
909,ENSMUST00000040381
910,ENSMUST00000040383
911,ENSMUST00000022462
912,ENSMUST00000052876
913,ENSMUST00000019382
914,ENSMUST00000022945
915,ENSMUST00000059229
916,ENSMUST00000040416
917,ENSMUST00000049714
918,ENSMUST00000043152
919,ENSMUST00000027247
920,ENSMUST00000045114
921,ENSMUST00000106407
922,ENSMUST00000027642
923,ENSMUST00000037035
924,ENSMUST00000046717
925,ENSMUST00000065865
926,ENSMUST00000021368
927,ENSMUST00000046951
928,ENSMUST00000021963
929,ENSMUST00000014698
930,ENSMUST00000050552
931,ENSMUST00000089950
932,ENSMUST00000070200
933,ENSMUST00000061618
934,ENSMUST00000098950
935,ENSMUST00000023709
936,ENSMUST00000018143
937,ENSMUST00000059599
938,ENSMUST00000008445
939,ENSMUST00000001127
940,ENSMUST00000001125
941,ENSMUST00000071134
942,ENSMUST00000023707
943,ENSMUST00000026328
944,ENSMUST00000045281
945,ENSMUST00000062672
946,ENSMUST00000013130
947,ENSMUST00000045026
948,ENSMUST00000084828
949,ENSMUST00000114551
950,ENSMUST00000062677
951,ENSMUST00000020382
952,ENSMUST00000045029
953,ENSMUST00000084820
954,ENSMUST00000033662
955,ENSMUST00000085809
956,ENSMUST00000021285
957,ENSMUST00000057793
958,ENSMUST00000057792
959,ENSMUST00000093943
960,ENSMUST00000032715
961,ENSMUST00000036033
962,ENSMUST00000066987
963,ENSMUST00000066984
964,ENSMUST00000113897
965,ENSMUST00000041388
966,ENSMUST00000059680
967,ENSMUST00000032824
968,ENSMUST00000077303
969,ENSMUST00000069486
970,ENSMUST00000016315
971,ENSMUST00000004681
972,ENSMUST00000073080
973,ENSMUST00000061283
974,ENSMUST00000039894
975,ENSMUST00000004684
976,ENSMUST00000032398
977,ENSMUST00000001845
978,ENSMUST00000021147
979,ENSMUST00000006911
980,ENSMUST00000021632
981,ENSMUST00000033715
982,ENSMUST00000021634
983,ENSMUST00000033717
984,ENSMUST00000073787
985,ENSMUST00000021639
986,ENSMUST00000032627
987,ENSMUST00000001780
988,ENSMUST00000019965
989,ENSMUST00000058793
990,ENSMUST00000034411
991,ENSMUST00000099353
992,ENSMUST00000047281
993,ENSMUST00000038705
994,ENSMUST00000047285
995,ENSMUST00000022784
996,ENSMUST00000092143
997,ENSMUST00000005487
998,ENSMUST00000051574
999,ENSMUST00000109579
0,ENSMUST00000096744
1,ENSMUST00000005336
2,ENSMUST00000024047
3,ENSMUST00000021381
4,ENSMUST00000037399
5,ENSMUST00000028509
6,ENSMUST00000035934
7,ENSMUST00000088652
8,ENSMUST00000049257
9,ENSMUST00000079812
10,ENSMUST00000035222
11,ENSMUST00000047665
12,ENSMUST00000043812
13,ENSMUST00000091144
14,ENSMUST00000002655
15,ENSMUST00000038671
16,ENSMUST00000038677
17,ENSMUST00000025649
18,ENSMUST00000091142
19,ENSMUST00000002303
20,ENSMUST00000025394
21,ENSMUST00000025393
22,ENSMUST00000025642
23,ENSMUST00000008907
24,ENSMUST00000090569
25,ENSMUST00000021379
26,ENSMUST00000090561
27,ENSMUST00000048493
28,ENSMUST00000050149
29,ENSMUST00000074733
30,ENSMUST00000028610
31,ENSMUST00000028347
32,ENSMUST00000021039
33,ENSMUST00000028342
34,ENSMUST00000028341
35,ENSMUST00000029741
36,ENSMUST00000028619
37,ENSMUST00000071816
38,ENSMUST00000025243
39,ENSMUST00000071812
40,ENSMUST00000036852
41,ENSMUST00000033805
42,ENSMUST00000075012
43,ENSMUST00000020717
44,ENSMUST00000035157
45,ENSMUST00000067298
46,ENSMUST00000028741
47,ENSMUST00000018816
48,ENSMUST00000050872
49,ENSMUST00000050328
50,ENSMUST00000025804
51,ENSMUST00000025802
52,ENSMUST00000052012
53,ENSMUST00000036025
54,ENSMUST00000042726
55,ENSMUST00000042235
56,ENSMUST00000078218
57,ENSMUST00000042658
58,ENSMUST00000110387
59,ENSMUST00000071492
60,ENSMUST00000052120
61,ENSMUST00000049382
62,ENSMUST00000002090
63,ENSMUST00000002091
64,ENSMUST00000045562
65,ENSMUST00000110388
66,ENSMUST00000042657
67,ENSMUST00000081932
68,ENSMUST00000023361
69,ENSMUST00000022601
70,ENSMUST00000067760
71,ENSMUST00000029105
72,ENSMUST00000039476
73,ENSMUST00000049896
74,ENSMUST00000052499
75,ENSMUST00000046709
76,ENSMUST00000022609
77,ENSMUST00000017572
78,ENSMUST00000063042
79,ENSMUST00000036253
80,ENSMUST00000029845
81,ENSMUST00000021048
82,ENSMUST00000019605
83,ENSMUST00000028969
84,ENSMUST00000090824
85,ENSMUST00000102795
86,ENSMUST00000097281
87,ENSMUST00000044252
88,ENSMUST00000042345
89,ENSMUST00000043521
90,ENSMUST00000090031
91,ENSMUST00000003320
92,ENSMUST00000088095
93,ENSMUST00000043296
94,ENSMUST00000043526
95,ENSMUST00000029563
96,ENSMUST00000029564
97,ENSMUST00000017975
98,ENSMUST00000025027
99,ENSMUST00000029770
100,ENSMUST00000020877
101,ENSMUST00000022734
102,ENSMUST00000022040
103,ENSMUST00000031726
104,ENSMUST00000068110
105,ENSMUST00000038053
106,ENSMUST00000029773
107,ENSMUST00000031728
108,ENSMUST00000089497
109,ENSMUST00000030412
110,ENSMUST00000037865
111,ENSMUST00000055244
112,ENSMUST00000030417
113,ENSMUST00000029968
114,ENSMUST00000116388
115,ENSMUST00000004379
116,ENSMUST00000007799
117,ENSMUST00000019803
118,ENSMUST00000071103
119,ENSMUST00000116412
120,ENSMUST00000044369
121,ENSMUST00000089651
122,ENSMUST00000026495
123,ENSMUST00000026613
124,ENSMUST00000069530
125,ENSMUST00000057037
126,ENSMUST00000087324
127,ENSMUST00000031382
128,ENSMUST00000031383
129,ENSMUST00000031388
130,ENSMUST00000021800
131,ENSMUST00000064234
132,ENSMUST00000068439
133,ENSMUST00000026921
134,ENSMUST00000026295
135,ENSMUST00000026292
136,ENSMUST00000026927
137,ENSMUST00000094646
138,ENSMUST00000019067
139,ENSMUST00000023391
140,ENSMUST00000023393
141,ENSMUST00000030787
142,ENSMUST00000023396
143,ENSMUST00000000335
144,ENSMUST00000103075
145,ENSMUST00000026723
146,ENSMUST00000059579
147,ENSMUST00000093040
148,ENSMUST00000020979
149,ENSMUST00000113869
150,ENSMUST00000037489
151,ENSMUST00000023550
152,ENSMUST00000020608
153,ENSMUST00000068892
154,ENSMUST00000051094
155,ENSMUST00000108268
156,ENSMUST00000034359
157,ENSMUST00000030385
158,ENSMUST00000027743
159,ENSMUST00000034774
160,ENSMUST00000034775
161,ENSMUST00000064667
162,ENSMUST00000030091
163,ENSMUST00000030090
164,ENSMUST00000040135
165,ENSMUST00000031653
166,ENSMUST00000044166
167,ENSMUST00000069579
168,ENSMUST00000084563
169,ENSMUST00000030702
170,ENSMUST00000016672
171,ENSMUST00000037557
172,ENSMUST00000033875
173,ENSMUST00000092227
174,ENSMUST00000065509
175,ENSMUST00000033873
176,ENSMUST00000045368
177,ENSMUST00000031105
178,ENSMUST00000026436
179,ENSMUST00000026434
180,ENSMUST00000080536
181,ENSMUST00000107305
182,ENSMUST00000034913
183,ENSMUST00000065793
184,ENSMUST00000093138
185,ENSMUST00000049411
186,ENSMUST00000044217
187,ENSMUST00000020775
188,ENSMUST00000031101
189,ENSMUST00000006061
190,ENSMUST00000060752
191,ENSMUST00000023068
192,ENSMUST00000112390
193,ENSMUST00000015427
194,ENSMUST00000032088
195,ENSMUST00000069792
196,ENSMUST00000030896
197,ENSMUST00000030894
198,ENSMUST00000069794
199,ENSMUST00000089874
200,ENSMUST00000086317
201,ENSMUST00000036734
202,ENSMUST00000030872
203,ENSMUST00000064062
204,ENSMUST00000105046
205,ENSMUST00000071487
206,ENSMUST00000034820
207,ENSMUST00000000291
208,ENSMUST00000034827
209,ENSMUST00000021554
210,ENSMUST00000040402
211,ENSMUST00000027257
212,ENSMUST00000027256
213,ENSMUST00000028408
214,ENSMUST00000020801
215,ENSMUST00000020553
216,ENSMUST00000051431
217,ENSMUST00000033018
218,ENSMUST00000020550
219,ENSMUST00000021824
220,ENSMUST00000033671
221,ENSMUST00000082337
222,ENSMUST00000021958
223,ENSMUST00000021959
224,ENSMUST00000033131
225,ENSMUST00000023524
226,ENSMUST00000033776
227,ENSMUST00000003027
228,ENSMUST00000033775
229,ENSMUST00000021956
230,ENSMUST00000098942
231,ENSMUST00000074970
232,ENSMUST00000048657
233,ENSMUST00000043881
234,ENSMUST00000069600
235,ENSMUST00000004327
236,ENSMUST00000074976
237,ENSMUST00000001485
238,ENSMUST00000095048
239,ENSMUST00000041047
240,ENSMUST00000014640
241,ENSMUST00000033497
242,ENSMUST00000077083
243,ENSMUST00000096096
244,ENSMUST00000046030
245,ENSMUST00000020397
246,ENSMUST00000045748
247,ENSMUST00000060805
248,ENSMUST00000047524
249,ENSMUST00000060807
250,ENSMUST00000033121
251,ENSMUST00000029355
252,ENSMUST00000087933
253,ENSMUST00000093955
254,ENSMUST00000057015
255,ENSMUST00000020286
256,ENSMUST00000060808
257,ENSMUST00000057659
258,ENSMUST00000070850
259,ENSMUST00000031341
260,ENSMUST00000027512
261,ENSMUST00000046839
262,ENSMUST00000091978
263,ENSMUST00000020159
264,ENSMUST00000108857
265,ENSMUST00000088922
266,ENSMUST00000062067
267,ENSMUST00000072232
268,ENSMUST00000062069
269,ENSMUST00000023608
270,ENSMUST00000020157
271,ENSMUST00000022980
272,ENSMUST00000004990
273,ENSMUST00000021605
274,ENSMUST00000028511
275,ENSMUST00000033727
276,ENSMUST00000033720
277,ENSMUST00000036999
278,ENSMUST00000096385
279,ENSMUST00000033723
280,ENSMUST00000022469
281,ENSMUST00000026407
282,ENSMUST00000036996
283,ENSMUST00000019975
284,ENSMUST00000032956
285,ENSMUST00000004057
286,ENSMUST00000013737
287,ENSMUST00000047177
288,ENSMUST00000035540
289,ENSMUST00000047057
290,ENSMUST00000035899
291,ENSMUST00000066778
292,ENSMUST00000026560
293,ENSMUST00000092170
294,ENSMUST00000004145
295,ENSMUST00000107236
296,ENSMUST00000106448
297,ENSMUST00000072697
298,ENSMUST00000077407
299,ENSMUST00000100179
300,ENSMUST00000046463
301,ENSMUST00000010698
302,ENSMUST00000045633
303,ENSMUST00000079847
304,ENSMUST00000036862
305,ENSMUST00000036865
306,ENSMUST00000022218
307,ENSMUST00000088310
308,ENSMUST00000080300
309,ENSMUST00000034728
310,ENSMUST00000037190
311,ENSMUST00000047672
312,ENSMUST00000044478
313,ENSMUST00000001513
314,ENSMUST00000058438
315,ENSMUST00000005583
316,ENSMUST00000038600
317,ENSMUST00000077626
318,ENSMUST00000035766
319,ENSMUST00000028282
320,ENSMUST00000028280
321,ENSMUST00000058437
322,ENSMUST00000038608
323,ENSMUST00000005923
324,ENSMUST00000018909
325,ENSMUST00000010239
326,ENSMUST00000053959
327,ENSMUST00000034552
328,ENSMUST00000028199
329,ENSMUST00000006217
330,ENSMUST00000009699
331,ENSMUST00000038439
332,ENSMUST00000002790
333,ENSMUST00000046212
334,ENSMUST00000021049
335,ENSMUST00000021046
336,ENSMUST00000080713
337,ENSMUST00000087948
338,ENSMUST00000025253
339,ENSMUST00000029771
340,ENSMUST00000049064
341,ENSMUST00000028608
342,ENSMUST00000047075
343,ENSMUST00000029480
344,ENSMUST00000020927
345,ENSMUST00000024816
346,ENSMUST00000055655
347,ENSMUST00000038116
348,ENSMUST00000026433
349,ENSMUST00000025815
350,ENSMUST00000078886
351,ENSMUST00000035164
352,ENSMUST00000035166
353,ENSMUST00000035167
354,ENSMUST00000030265
355,ENSMUST00000018645
356,ENSMUST00000101029
357,ENSMUST00000025818
358,ENSMUST00000110395
359,ENSMUST00000033313
360,ENSMUST00000025651
361,ENSMUST00000045766
362,ENSMUST00000068452
363,ENSMUST00000111432
364,ENSMUST00000028997
365,ENSMUST00000076264
366,ENSMUST00000076265
367,ENSMUST00000042135
368,ENSMUST00000030660
369,ENSMUST00000017743
370,ENSMUST00000029092
371,ENSMUST00000086564
372,ENSMUST00000029170
373,ENSMUST00000030742
374,ENSMUST00000100206
375,ENSMUST00000114000
376,ENSMUST00000067752
377,ENSMUST00000078459
378,ENSMUST00000099937
379,ENSMUST00000029178
380,ENSMUST00000029179
381,ENSMUST00000006544
382,ENSMUST00000028972
383,ENSMUST00000028977
384,ENSMUST00000018737
385,ENSMUST00000051100
386,ENSMUST00000052374
387,ENSMUST00000092956
388,ENSMUST00000022380
389,ENSMUST00000049845
390,ENSMUST00000042824
391,ENSMUST00000022386
392,ENSMUST00000025723
393,ENSMUST00000077955
394,ENSMUST00000043517
395,ENSMUST00000035094
396,ENSMUST00000084947
397,ENSMUST00000017904
398,ENSMUST00000043359
399,ENSMUST00000017900
400,ENSMUST00000042734
401,ENSMUST00000042452
402,ENSMUST00000022706
403,ENSMUST00000021157
404,ENSMUST00000043604
405,ENSMUST00000016678
406,ENSMUST00000116621
407,ENSMUST00000071664
408,ENSMUST00000061973
409,ENSMUST00000060608
410,ENSMUST00000056458
411,ENSMUST00000025759
412,ENSMUST00000108127
413,ENSMUST00000038027
414,ENSMUST00000031061
415,ENSMUST00000064139
416,ENSMUST00000043195
417,ENSMUST00000028087
418,ENSMUST00000025841
419,ENSMUST00000055506
420,ENSMUST00000022097
421,ENSMUST00000008477
422,ENSMUST00000052204
423,ENSMUST00000078155
424,ENSMUST00000107107
425,ENSMUST00000034285
426,ENSMUST00000052209
427,ENSMUST00000022099
428,ENSMUST00000029722
429,ENSMUST00000026608
430,ENSMUST00000063839
431,ENSMUST00000063838
432,ENSMUST00000022563
433,ENSMUST00000029087
434,ENSMUST00000041859
435,ENSMUST00000026607
436,ENSMUST00000022147
437,ENSMUST00000031399
438,ENSMUST00000067936
439,ENSMUST00000022419
440,ENSMUST00000031423
441,ENSMUST00000029553
442,ENSMUST00000023269
443,ENSMUST00000022148
444,ENSMUST00000026937
445,ENSMUST00000015858
446,ENSMUST00000039620
447,ENSMUST00000060232
448,ENSMUST00000030187
449,ENSMUST00000022705
450,ENSMUST00000026289
451,ENSMUST00000015855
452,ENSMUST00000054212
453,ENSMUST00000079703
454,ENSMUST00000022894
455,ENSMUST00000048102
456,ENSMUST00000040090
457,ENSMUST00000034349
458,ENSMUST00000097646
459,ENSMUST00000068944
460,ENSMUST00000020949
461,ENSMUST00000038863
462,ENSMUST00000034611
463,ENSMUST00000020947
464,ENSMUST00000079360
465,ENSMUST00000028917
466,ENSMUST00000004316
467,ENSMUST00000027736
468,ENSMUST00000030069
469,ENSMUST00000016654
470,ENSMUST00000107173
471,ENSMUST00000065263
472,ENSMUST00000101801
473,ENSMUST00000034955
474,ENSMUST00000021135
475,ENSMUST00000094815
476,ENSMUST00000054014
477,ENSMUST00000003912
478,ENSMUST00000045602
479,ENSMUST00000034299
480,ENSMUST00000078719
481,ENSMUST00000035199
482,ENSMUST00000022960
483,ENSMUST00000026420
484,ENSMUST00000022962
485,ENSMUST00000049122
486,ENSMUST00000026425
487,ENSMUST00000004200
488,ENSMUST00000004203
489,ENSMUST00000004202
490,ENSMUST00000034905
491,ENSMUST00000026428
492,ENSMUST00000108876
493,ENSMUST00000004208
494,ENSMUST00000034903
495,ENSMUST00000009058
496,ENSMUST00000033269
497,ENSMUST00000002889
498,ENSMUST00000035092
499,ENSMUST00000020705
500,ENSMUST00000040270
501,ENSMUST00000034815
502,ENSMUST00000030284
503,ENSMUST00000049461
504,ENSMUST00000010536
505,ENSMUST00000028915
506,ENSMUST00000106227
507,ENSMUST00000040873
508,ENSMUST00000031376
509,ENSMUST00000002172
510,ENSMUST00000092154
511,ENSMUST00000019128
512,ENSMUST00000069782
513,ENSMUST00000037854
514,ENSMUST00000068282
515,ENSMUST00000040321
516,ENSMUST00000075175
517,ENSMUST00000076155
518,ENSMUST00000045887
519,ENSMUST00000050331
520,ENSMUST00000089688
521,ENSMUST00000026671
522,ENSMUST00000043990
523,ENSMUST00000049404
524,ENSMUST00000034832
525,ENSMUST00000106429
526,ENSMUST00000030842
527,ENSMUST00000102503
528,ENSMUST00000002445
529,ENSMUST00000027068
530,ENSMUST00000008579
531,ENSMUST00000072237
532,ENSMUST00000065889
533,ENSMUST00000031627
534,ENSMUST00000042852
535,ENSMUST00000037056
536,ENSMUST00000080492
537,ENSMUST00000049732
538,ENSMUST00000065887
539,ENSMUST00000019231
540,ENSMUST00000030117
541,ENSMUST00000006838
542,ENSMUST00000020580
543,ENSMUST00000030118
544,ENSMUST00000050207
545,ENSMUST00000050201
546,ENSMUST00000021940
547,ENSMUST00000054442
548,ENSMUST00000086430
549,ENSMUST00000103242
550,ENSMUST00000036615
551,ENSMUST00000015796
552,ENSMUST00000023760
553,ENSMUST00000023762
554,ENSMUST00000045004
555,ENSMUST00000037607
556,ENSMUST00000033483
557,ENSMUST00000037903
558,ENSMUST00000115366
559,ENSMUST00000033486
560,ENSMUST00000041053
561,ENSMUST00000008748
562,ENSMUST00000036187
563,ENSMUST00000041055
564,ENSMUST00000001479
565,ENSMUST00000046022
566,ENSMUST00000019974
567,ENSMUST00000050067
568,ENSMUST00000033135
569,ENSMUST00000033136
570,ENSMUST00000074989
571,ENSMUST00000065330
572,ENSMUST00000032736
573,ENSMUST00000060834
574,ENSMUST00000059555
575,ENSMUST00000021832
576,ENSMUST00000029120
577,ENSMUST00000020309
578,ENSMUST00000041905
579,ENSMUST00000092382
580,ENSMUST00000058154
581,ENSMUST00000018050
582,ENSMUST00000023615
583,ENSMUST00000112507
584,ENSMUST00000033321
585,ENSMUST00000057486
586,ENSMUST00000073339
587,ENSMUST00000072751
588,ENSMUST00000001079
589,ENSMUST00000020123
590,ENSMUST00000057481
591,ENSMUST00000029786
592,ENSMUST00000033739
593,ENSMUST00000046114
594,ENSMUST00000034198
595,ENSMUST00000038211
596,ENSMUST00000019944
597,ENSMUST00000021611
598,ENSMUST00000099172
599,ENSMUST00000033737
600,ENSMUST00000033640
601,ENSMUST00000021614
602,ENSMUST00000039855
603,ENSMUST00000035889
604,ENSMUST00000032427
605,ENSMUST00000095383
606,ENSMUST00000034787
607,ENSMUST00000066039
608,ENSMUST00000034147
609,ENSMUST00000109207
610,ENSMUST00000023359
611,ENSMUST00000031492
612,ENSMUST00000053033
613,ENSMUST00000066529
614,ENSMUST00000047860
615,ENSMUST00000093969
616,ENSMUST00000047864
617,ENSMUST00000006027
618,ENSMUST00000072113
619,ENSMUST00000053811
620,ENSMUST00000058333
621,ENSMUST00000048418
622,ENSMUST00000020238
623,ENSMUST00000048417
624,ENSMUST00000023087
625,ENSMUST00000094028
626,ENSMUST00000001809
627,ENSMUST00000106941
628,ENSMUST00000036872
629,ENSMUST00000029769
630,ENSMUST00000017354
631,ENSMUST00000039213
632,ENSMUST00000109333
633,ENSMUST00000026827
634,ENSMUST00000058884
635,ENSMUST00000002699
636,ENSMUST00000001507
637,ENSMUST00000035775
638,ENSMUST00000092618
639,ENSMUST00000007980
640,ENSMUST00000035771
641,ENSMUST00000024717
642,ENSMUST00000005954
643,ENSMUST00000002529
644,ENSMUST00000072576
645,ENSMUST00000005953
646,ENSMUST00000028162
647,ENSMUST00000073456
648,ENSMUST00000006205
649,ENSMUST00000033899
650,ENSMUST00000028167
651,ENSMUST00000079724
652,ENSMUST00000020831
653,ENSMUST00000031788
654,ENSMUST00000065001
655,ENSMUST00000031420
656,ENSMUST00000076694
657,ENSMUST00000046207
658,ENSMUST00000046206
659,ENSMUST00000021052
660,ENSMUST00000028382
661,ENSMUST00000080001
662,ENSMUST00000031422
663,ENSMUST00000053766
664,ENSMUST00000029490
665,ENSMUST00000019833
666,ENSMUST00000110725
667,ENSMUST00000098534
668,ENSMUST00000047086
669,ENSMUST00000047085
670,ENSMUST00000035177
671,ENSMUST00000098060
672,ENSMUST00000064204
673,ENSMUST00000035170
674,ENSMUST00000021594
675,ENSMUST00000038926
676,ENSMUST00000038580
677,ENSMUST00000031011
678,ENSMUST00000062861
679,ENSMUST00000025903
680,ENSMUST00000034607
681,ENSMUST00000076270
682,ENSMUST00000024486
683,ENSMUST00000028825
684,ENSMUST00000022629
685,ENSMUST00000099396
686,ENSMUST00000067744
687,ENSMUST00000005508
688,ENSMUST00000020804
689,ENSMUST00000110934
690,ENSMUST00000024078
691,ENSMUST00000031099
692,ENSMUST00000006559
693,ENSMUST00000024932
694,ENSMUST00000005643
695,ENSMUST00000021297
696,ENSMUST00000102930
697,ENSMUST00000034164
698,ENSMUST00000028948
699,ENSMUST00000058488
700,ENSMUST00000026122
701,ENSMUST00000023357
702,ENSMUST00000008004
703,ENSMUST00000023502
704,ENSMUST00000078528
705,ENSMUST00000025752
706,ENSMUST00000079838
707,ENSMUST00000025751
708,ENSMUST00000049295
709,ENSMUST00000028017
710,ENSMUST00000068664
711,ENSMUST00000043616
712,ENSMUST00000029013
713,ENSMUST00000043342
714,ENSMUST00000029014
715,ENSMUST00000088102
716,ENSMUST00000067632
717,ENSMUST00000025515
718,ENSMUST00000074613
719,ENSMUST00000039522
720,ENSMUST00000085425
721,ENSMUST00000029380
722,ENSMUST00000031250
723,ENSMUST00000031251
724,ENSMUST00000064104
725,ENSMUST00000064454
726,ENSMUST00000031255
727,ENSMUST00000030475
728,ENSMUST00000022089
729,ENSMUST00000055518
730,ENSMUST00000030471
731,ENSMUST00000040888
732,ENSMUST00000024709
733,ENSMUST00000022082
734,ENSMUST00000102687
735,ENSMUST00000022087
736,ENSMUST00000065678
737,ENSMUST00000044189
738,ENSMUST00000043160
739,ENSMUST00000016397
740,ENSMUST00000029941
741,ENSMUST00000089677
742,ENSMUST00000026635
743,ENSMUST00000049453
744,ENSMUST00000022577
745,ENSMUST00000033866
746,ENSMUST00000067927
747,ENSMUST00000026129
748,ENSMUST00000017629
749,ENSMUST00000067924
750,ENSMUST00000022153
751,ENSMUST00000071057
752,ENSMUST00000031414
753,ENSMUST00000017622
754,ENSMUST00000038913
755,ENSMUST00000026125
756,ENSMUST00000026126
757,ENSMUST00000056732
758,ENSMUST00000026735
759,ENSMUST00000053664
760,ENSMUST00000081202
761,ENSMUST00000036004
762,ENSMUST00000060223
763,ENSMUST00000015841
764,ENSMUST00000110909
765,ENSMUST00000029838
766,ENSMUST00000068795
767,ENSMUST00000067036
768,ENSMUST00000021854
769,ENSMUST00000029831
770,ENSMUST00000080859
771,ENSMUST00000053663
772,ENSMUST00000000642
773,ENSMUST00000026256
774,ENSMUST00000068952
775,ENSMUST00000026254
776,ENSMUST00000042141
777,ENSMUST00000080919
778,ENSMUST00000034625
779,ENSMUST00000034623
780,ENSMUST00000027897
781,ENSMUST00000012566
782,ENSMUST00000043765
783,ENSMUST00000027726
784,ENSMUST00000070257
785,ENSMUST00000015358
786,ENSMUST00000034022
787,ENSMUST00000081510
788,ENSMUST00000069221
789,ENSMUST00000034756
790,ENSMUST00000027898
791,ENSMUST00000045905
792,ENSMUST00000029090
793,ENSMUST00000031366
794,ENSMUST00000000304
795,ENSMUST00000102759
796,ENSMUST00000003906
797,ENSMUST00000022977
798,ENSMUST00000022976
799,ENSMUST00000093157
800,ENSMUST00000087951
801,ENSMUST00000117780
802,ENSMUST00000044691
803,ENSMUST00000023117
804,ENSMUST00000000001
805,ENSMUST00000064910
806,ENSMUST00000087200
807,ENSMUST00000023113
808,ENSMUST00000023110
809,ENSMUST00000018287
810,ENSMUST00000107896
811,ENSMUST00000065090
812,ENSMUST00000051186
813,ENSMUST00000069041
814,ENSMUST00000008179
815,ENSMUST00000030296
816,ENSMUST00000060579
817,ENSMUST00000088217
818,ENSMUST00000040261
819,ENSMUST00000033257
820,ENSMUST00000010520
821,ENSMUST00000014290
822,ENSMUST00000061179
823,ENSMUST00000020957
824,ENSMUST00000065418
825,ENSMUST00000020954
826,ENSMUST00000033950
827,ENSMUST00000030613
828,ENSMUST00000073104
829,ENSMUST00000111644
830,ENSMUST00000018449
831,ENSMUST00000058845
832,ENSMUST00000033920
833,ENSMUST00000033927
834,ENSMUST00000082429
835,ENSMUST00000027071
836,ENSMUST00000020008
837,ENSMUST00000030858
838,ENSMUST00000059093
839,ENSMUST00000023756
840,ENSMUST00000034803
841,ENSMUST00000048678
842,ENSMUST00000030852
843,ENSMUST00000088452
844,ENSMUST00000020002
845,ENSMUST00000020004
846,ENSMUST00000021536
847,ENSMUST00000037820
848,ENSMUST00000027271
849,ENSMUST00000040021
850,ENSMUST00000037828
851,ENSMUST00000113938
852,ENSMUST00000048937
853,ENSMUST00000065896
854,ENSMUST00000019220
855,ENSMUST00000027381
856,ENSMUST00000023630
857,ENSMUST00000019226
858,ENSMUST00000019229
859,ENSMUST00000010038
860,ENSMUST00000020488
861,ENSMUST00000041609
862,ENSMUST00000048073
863,ENSMUST00000036665
864,ENSMUST00000013338
865,ENSMUST00000008995
866,ENSMUST00000013845
867,ENSMUST00000048079
868,ENSMUST00000013842
869,ENSMUST00000037913
870,ENSMUST00000021991
871,ENSMUST00000021993
872,ENSMUST00000050850
873,ENSMUST00000024906
874,ENSMUST00000101010
875,ENSMUST00000021447
876,ENSMUST00000037918
877,ENSMUST00000004494
878,ENSMUST00000120722
879,ENSMUST00000050078
880,ENSMUST00000025403
881,ENSMUST00000081840
882,ENSMUST00000021282
883,ENSMUST00000092285
884,ENSMUST00000050077
885,ENSMUST00000102875
886,ENSMUST00000045665
887,ENSMUST00000033030
888,ENSMUST00000061552
889,ENSMUST00000050104
890,ENSMUST00000004784
891,ENSMUST00000058295
892,ENSMUST00000004786
893,ENSMUST00000022681
894,ENSMUST00000084853
895,ENSMUST00000080861
896,ENSMUST00000070524
897,ENSMUST00000063988
898,ENSMUST00000005548
899,ENSMUST00000013931
900,ENSMUST00000030535
901,ENSMUST00000005017
902,ENSMUST00000072740
903,ENSMUST00000005015
904,ENSMUST00000092576
905,ENSMUST00000077191
906,ENSMUST00000035242
907,ENSMUST00000099149
908,ENSMUST00000021668
909,ENSMUST00000036085
910,ENSMUST00000039061
911,ENSMUST00000021667
912,ENSMUST00000099494
913,ENSMUST00000021197
914,ENSMUST00000034391
915,ENSMUST00000033741
916,ENSMUST00000061656
917,ENSMUST00000019950
918,ENSMUST00000109238
919,ENSMUST00000032344
920,ENSMUST00000044200
921,ENSMUST00000105797
922,ENSMUST00000035560
923,ENSMUST00000088248
924,ENSMUST00000105975
925,ENSMUST00000071891
926,ENSMUST00000032723
927,ENSMUST00000053024
928,ENSMUST00000057074
929,ENSMUST00000020822
930,ENSMUST00000046875
931,ENSMUST00000032729
932,ENSMUST00000032728
933,ENSMUST00000047873
934,ENSMUST00000097473
935,ENSMUST00000099546
936,ENSMUST00000069098
937,ENSMUST00000039991
938,ENSMUST00000002400
939,ENSMUST00000002403
940,ENSMUST00000076110
941,ENSMUST00000061882
942,ENSMUST00000000394
943,ENSMUST00000021062
944,ENSMUST00000021063
945,ENSMUST00000043235
946,ENSMUST00000018184
947,ENSMUST00000007959
948,ENSMUST00000047898
949,ENSMUST00000026576
950,ENSMUST00000067137
951,ENSMUST00000035983
952,ENSMUST00000004206
953,ENSMUST00000019482
954,ENSMUST00000002625
955,ENSMUST00000022964
956,ENSMUST00000019065
957,ENSMUST00000024727
958,ENSMUST00000077569
959,ENSMUST00000052774
960,ENSMUST00000038627
961,ENSMUST00000043305
962,ENSMUST00000026427
963,ENSMUST00000001226
964,ENSMUST00000009435
965,ENSMUST00000047363
966,ENSMUST00000058210
967,ENSMUST00000026062
968,ENSMUST00000023538
969,ENSMUST00000079041
970,ENSMUST00000024657
971,ENSMUST00000023741
972,ENSMUST00000005164
973,ENSMUST00000072362
974,ENSMUST00000011398
975,ENSMUST00000049040
976,ENSMUST00000047111
977,ENSMUST00000077290
978,ENSMUST00000114020
979,ENSMUST00000029053
980,ENSMUST00000115510
981,ENSMUST00000072961
982,ENSMUST00000038131
983,ENSMUST00000039449
984,ENSMUST00000110731
985,ENSMUST00000028392
986,ENSMUST00000055984
987,ENSMUST00000023165
988,ENSMUST00000018841
989,ENSMUST00000025292
990,ENSMUST00000025835
991,ENSMUST00000003117
992,ENSMUST00000080030
993,ENSMUST00000075164
994,ENSMUST00000003759
995,ENSMUST00000025631
996,ENSMUST00000049531
997,ENSMUST00000053484
998,ENSMUST00000068056
999,ENSMUST00000057062
1000,ENSMUST00000025639
1001,ENSMUST00000018805
1002,ENSMUST00000029158
1003,ENSMUST00000029628
1004,ENSMUST00000029629
1005,ENSMUST00000034466
1006,ENSMUST00000029623
1007,ENSMUST00000029626
1008,ENSMUST00000029155
1009,ENSMUST00000098312
1010,ENSMUST00000023231
1011,ENSMUST00000038551
1012,ENSMUST00000044207
1013,ENSMUST00000034932
1014,ENSMUST00000048374
1015,ENSMUST00000102922
1016,ENSMUST00000024909
1017,ENSMUST00000102927
1018,ENSMUST00000031080
1019,ENSMUST00000003572
1020,ENSMUST00000022368
1021,ENSMUST00000022369
1022,ENSMUST00000118009
1023,ENSMUST00000052355
1024,ENSMUST00000003575
1025,ENSMUST00000027464
1026,ENSMUST00000025743
1027,ENSMUST00000017384
1028,ENSMUST00000028000
1029,ENSMUST00000115964
1030,ENSMUST00000043378
1031,ENSMUST00000067485
1032,ENSMUST00000029024
1033,ENSMUST00000118466
1034,ENSMUST00000017430
1035,ENSMUST00000049911
1036,ENSMUST00000033277
1037,ENSMUST00000090192
1038,ENSMUST00000017435
1039,ENSMUST00000067646
1040,ENSMUST00000018992
1041,ENSMUST00000059899
1042,ENSMUST00000115467
1043,ENSMUST00000039537
1044,ENSMUST00000064447
1045,ENSMUST00000065648
1046,ENSMUST00000084502
1047,ENSMUST00000111171
1048,ENSMUST00000069036
1049,ENSMUST00000019722
1050,ENSMUST00000019723
1051,ENSMUST00000094639
1052,ENSMUST00000030763
1053,ENSMUST00000030446
1054,ENSMUST00000022163
1055,ENSMUST00000054344
1056,ENSMUST00000043150
1057,ENSMUST00000054343
1058,ENSMUST00000102694
1059,ENSMUST00000060513
1060,ENSMUST00000044681
1061,ENSMUST00000080517
1062,ENSMUST00000071135
1063,ENSMUST00000072287
1064,ENSMUST00000022169
1065,ENSMUST00000071044
1066,ENSMUST00000033898
1067,ENSMUST00000026139
1068,ENSMUST00000029445
1069,ENSMUST00000071739
1070,ENSMUST00000079634
1071,ENSMUST00000026135
1072,ENSMUST00000037248
1073,ENSMUST00000067268
1074,ENSMUST00000077977
1075,ENSMUST00000030769
1076,ENSMUST00000093962
1077,ENSMUST00000030768
1078,ENSMUST00000095725
1079,ENSMUST00000015877
1080,ENSMUST00000081028
1081,ENSMUST00000048249
1082,ENSMUST00000071858
1083,ENSMUST00000018521
1084,ENSMUST00000029846
1085,ENSMUST00000023363
1086,ENSMUST00000023362
1087,ENSMUST00000033809
1088,ENSMUST00000022212
1089,ENSMUST00000060711
1090,ENSMUST00000028796
1091,ENSMUST00000034328
1092,ENSMUST00000037270
1093,ENSMUST00000069949
1094,ENSMUST00000034326
1095,ENSMUST00000015277
1096,ENSMUST00000063817
1097,ENSMUST00000063814
1098,ENSMUST00000063813
1099,ENSMUST00000080856
1100,ENSMUST00000031069
1101,ENSMUST00000031850
1102,ENSMUST00000034745
1103,ENSMUST00000064848
1104,ENSMUST00000022121
1105,ENSMUST00000064067
1106,ENSMUST00000026390
1107,ENSMUST00000019038
1108,ENSMUST00000102744
1109,ENSMUST00000102746
1110,ENSMUST00000028517
1111,ENSMUST00000031668
1112,ENSMUST00000052686
1113,ENSMUST00000026409
1114,ENSMUST00000023104
1115,ENSMUST00000029955
1116,ENSMUST00000082437
1117,ENSMUST00000040182
1118,ENSMUST00000043624
1119,ENSMUST00000026405
1120,ENSMUST00000029708
1121,ENSMUST00000081721
1122,ENSMUST00000011029
1123,ENSMUST00000087210
1124,ENSMUST00000085673
1125,ENSMUST00000062213
1126,ENSMUST00000087215
1127,ENSMUST00000093389
1128,ENSMUST00000015017
1129,ENSMUST00000044220
1130,ENSMUST00000061091
1131,ENSMUST00000040213
1132,ENSMUST00000030914
1133,ENSMUST00000015011
1134,ENSMUST00000047632
1135,ENSMUST00000001242
1136,ENSMUST00000027498
1137,ENSMUST00000026009
1138,ENSMUST00000100429
1139,ENSMUST00000023666
1140,ENSMUST00000045807
1141,ENSMUST00000109736
1142,ENSMUST00000033938
1143,ENSMUST00000030622
1144,ENSMUST00000030623
1145,ENSMUST00000001171
1146,ENSMUST00000023294
1147,ENSMUST00000093360
1148,ENSMUST00000033934
1149,ENSMUST00000032998
1150,ENSMUST00000022053
1151,ENSMUST00000027040
1152,ENSMUST00000018186
1153,ENSMUST00000038341
1154,ENSMUST00000025632
1155,ENSMUST00000020034
1156,ENSMUST00000029477
1157,ENSMUST00000032992
1158,ENSMUST00000097649
1159,ENSMUST00000045247
1160,ENSMUST00000021539
1161,ENSMUST00000054955
1162,ENSMUST00000040320
1163,ENSMUST00000033088
1164,ENSMUST00000037853
1165,ENSMUST00000021523
1166,ENSMUST00000021522
1167,ENSMUST00000020856
1168,ENSMUST00000028607
1169,ENSMUST00000048731
1170,ENSMUST00000029694
1171,ENSMUST00000016569
1172,ENSMUST00000034834
1173,ENSMUST00000030134
1174,ENSMUST00000003726
1175,ENSMUST00000033241
1176,ENSMUST00000041616
1177,ENSMUST00000027444
1178,ENSMUST00000027446
1179,ENSMUST00000029214
1180,ENSMUST00000046916
1181,ENSMUST00000070731
1182,ENSMUST00000030138
1183,ENSMUST00000102590
1184,ENSMUST00000023580
1185,ENSMUST00000041587
1186,ENSMUST00000102593
1187,ENSMUST00000038738
1188,ENSMUST00000033394
1189,ENSMUST00000102598
1190,ENSMUST00000029374
1191,ENSMUST00000098990
1192,ENSMUST00000041588
1193,ENSMUST00000086535
1194,ENSMUST00000015725
1195,ENSMUST00000102824
1196,ENSMUST00000020457
1197,ENSMUST00000020107
1198,ENSMUST00000049628
1199,ENSMUST00000020109
1200,ENSMUST00000065938
1201,ENSMUST00000050867
1202,ENSMUST00000045791
1203,ENSMUST00000032191
1204,ENSMUST00000032192
1205,ENSMUST00000020403
1206,ENSMUST00000032196
1207,ENSMUST00000092295
1208,ENSMUST00000001187
1209,ENSMUST00000001186
1210,ENSMUST00000001181
1211,ENSMUST00000050000
1212,ENSMUST00000039280
1213,ENSMUST00000021428
1214,ENSMUST00000021857
1215,ENSMUST00000032585
1216,ENSMUST00000034904
1217,ENSMUST00000109609
1218,ENSMUST00000004554
1219,ENSMUST00000092569
1220,ENSMUST00000044442
1221,ENSMUST00000072777
1222,ENSMUST00000001051
1223,ENSMUST00000033008
1224,ENSMUST00000021332
1225,ENSMUST00000099856
1226,ENSMUST00000095128
1227,ENSMUST00000115272
1228,ENSMUST00000050487
1229,ENSMUST00000076541
1230,ENSMUST00000001989
1231,ENSMUST00000005841
1232,ENSMUST00000021676
1233,ENSMUST00000021181
1234,ENSMUST00000021187
1235,ENSMUST00000092584
1236,ENSMUST00000032373
1237,ENSMUST00000057110
1238,ENSMUST00000009693
1239,ENSMUST00000057115
1240,ENSMUST00000046735
1241,ENSMUST00000019929
1242,ENSMUST00000066652
1243,ENSMUST00000001452
1244,ENSMUST00000001451
1245,ENSMUST00000080493
1246,ENSMUST00000099558
1247,ENSMUST00000066308
1248,ENSMUST00000004172
1249,ENSMUST00000109824
1250,ENSMUST00000056677
1251,ENSMUST00000036111
1252,ENSMUST00000025728
1253,ENSMUST00000045467
1254,ENSMUST00000109556
1255,ENSMUST00000009530
1256,ENSMUST00000002436
1257,ENSMUST00000021077
1258,ENSMUST00000037678
1259,ENSMUST00000115645
1260,ENSMUST00000090852
1261,ENSMUST00000071852
1262,ENSMUST00000088615
1263,ENSMUST00000042512
1264,ENSMUST00000088610
1265,ENSMUST00000021078
1266,ENSMUST00000025486
1267,ENSMUST00000036759
1268,ENSMUST00000048988
1269,ENSMUST00000052761
1270,ENSMUST00000049388
1271,ENSMUST00000001520
1272,ENSMUST00000077672
1273,ENSMUST00000020493
1274,ENSMUST00000057288
1275,ENSMUST00000092033
1276,ENSMUST00000028148
1277,ENSMUST00000060766
1278,ENSMUST00000028499
1279,ENSMUST00000035579
1280,ENSMUST00000053902
1281,ENSMUST00000002502
1282,ENSMUST00000036210
1283,ENSMUST00000076070
1284,ENSMUST00000021277
1285,ENSMUST00000050205
1286,ENSMUST00000046266
1287,ENSMUST00000068407
1288,ENSMUST00000090993
